gauge,basin,variant,scenario,source,seas,DD_cal,DD_uncal,ratio_cal,ratio_uncal,sign_ok
17288,Zeravshan,DD2_T0,T+1,OS_xgb,11.762833595275879,35.40525443006369,23.756782721327276,0.3322341213084941,0.4951357990371306,1
17288,Zeravshan,DD2_T0,T+1,OS_ens,6.496761858817979,35.40525443006369,23.756782721327276,0.18349710977649064,0.2734697679827502,1
17288,Zeravshan,DD2_T0,T+1,AR_xgb,16.064709285286572,35.40525443006369,23.756782721327276,0.4537379986075042,0.6762156927446549,1
17288,Zeravshan,DD2_T0,T+1,AR_ens,9.774885328659067,35.40525443006369,23.756782721327276,0.2760857247323977,0.4114566119209323,1
17288,Zeravshan,DD2_T0,T+1,NQ_xgb,14.714742660522461,35.40525443006369,23.756782721327276,0.41560900768524683,0.6193912211569176,1
17288,Zeravshan,DD2_T0,T+2,OS_xgb,21.3585147857666,77.66503013821838,46.950626632381166,0.27500813104373256,0.45491437106903154,1
17288,Zeravshan,DD2_T0,T+2,OS_ens,11.780846057378724,77.66503013821838,46.950626632381166,0.15168790942864074,0.2509198897305802,1
17288,Zeravshan,DD2_T0,T+2,AR_xgb,28.223397577283293,77.66503013821838,46.950626632381166,0.3633990423625004,0.6011293054354684,1
17288,Zeravshan,DD2_T0,T+2,AR_ens,16.894004253173556,77.66503013821838,46.950626632381166,0.21752395155332777,0.35982489404139295,1
17288,Zeravshan,DD2_T0,T+2,NQ_xgb,31.269704818725586,77.66503013821838,46.950626632381166,0.4026227088700761,0.6660125127522648,1
17288,Zeravshan,DD2_T0,T+3,OS_xgb,27.316736221313477,125.66433060929155,62.0373539904527,0.21737859970977072,0.44032722971256016,1
17288,Zeravshan,DD2_T0,T+3,OS_ens,15.04833278177564,125.66433060929155,62.0373539904527,0.11975023229593341,0.24256890105421836,1
17288,Zeravshan,DD2_T0,T+3,AR_xgb,41.384924896768055,125.66433060929155,62.0373539904527,0.32932913179189827,0.6670968736535254,1
17288,Zeravshan,DD2_T0,T+3,AR_ens,24.571478952897753,125.66433060929155,62.0373539904527,0.19553264505338439,0.39607554759152375,1
17288,Zeravshan,DD2_T0,T+3,NQ_xgb,43.0654296875,125.66433060929155,62.0373539904527,0.34270209755381265,0.6941854691953431,1
17288,Zeravshan,DD2_T1,T+1,OS_xgb,10.772954940795898,35.40525443006369,23.756782721327276,0.3042755973432082,0.453468597459733,1
17288,Zeravshan,DD2_T1,T+1,OS_ens,5.9380183794843555,35.40525443006369,23.756782721327276,0.16771573810361326,0.24995044359073054,1
17288,Zeravshan,DD2_T1,T+1,AR_xgb,12.888498323024011,35.40525443006369,23.756782721327276,0.3640278407964212,0.5425186766326555,1
17288,Zeravshan,DD2_T1,T+1,AR_ens,9.033317083074488,35.40525443006369,23.756782721327276,0.2551405781002952,0.3802416004320724,1
17288,Zeravshan,DD2_T1,T+1,NQ_xgb,13.572454452514648,35.40525443006369,23.756782721327276,0.38334576805045806,0.5713086073868997,1
17288,Zeravshan,DD2_T1,T+2,OS_xgb,22.143341064453125,77.66503013821838,46.950626632381166,0.2851134033559919,0.4716303626325018,1
17288,Zeravshan,DD2_T1,T+2,OS_ens,12.212889409019855,77.66503013821838,46.950626632381166,0.15725081658096188,0.2601219682251653,1
17288,Zeravshan,DD2_T1,T+2,AR_xgb,29.834825227078255,77.66503013821838,46.950626632381166,0.38414747504741853,0.635451055013217,1
17288,Zeravshan,DD2_T1,T+2,AR_ens,17.154375373865037,77.66503013821838,46.950626632381166,0.22087644005720272,0.36537053079572557,1
17288,Zeravshan,DD2_T1,T+2,NQ_xgb,29.944419860839844,77.66503013821838,46.950626632381166,0.3855585944864575,0.637785307857587,1
17288,Zeravshan,DD2_T1,T+3,OS_xgb,27.588415145874023,125.66433060929155,62.0373539904527,0.21954054115523336,0.44470650940592615,1
17288,Zeravshan,DD2_T1,T+3,OS_ens,15.196838717207694,125.66433060929155,62.0373539904527,0.12093199910845702,0.24496271584288437,1
17288,Zeravshan,DD2_T1,T+3,AR_xgb,40.90499661906837,125.66433060929155,62.0373539904527,0.32551000288417464,0.6593607558659494,1
17288,Zeravshan,DD2_T1,T+3,AR_ens,24.32968282385033,125.66433060929155,62.0373539904527,0.19360850215718578,0.39217795826035023,1
17288,Zeravshan,DD2_T1,T+3,NQ_xgb,42.08085632324219,125.66433060929155,62.0373539904527,0.33486715060041666,0.6783148154532552,1
17288,Zeravshan,DD2_T2,T+1,OS_xgb,10.122001647949219,35.40525443006369,23.756782721327276,0.2858898152516683,0.42606786308915273,1
17288,Zeravshan,DD2_T2,T+1,OS_ens,5.565556517202808,35.40525443006369,23.756782721327276,0.15719577805030324,0.23427231635226503,1
17288,Zeravshan,DD2_T2,T+1,AR_xgb,12.203686952185986,35.40525443006369,23.756782721327276,0.34468575776773575,0.5136927459975597,1
17288,Zeravshan,DD2_T2,T+1,AR_ens,7.981995421719867,35.40525443006369,23.756782721327276,0.22544663356357947,0.33598806350803373,1
17288,Zeravshan,DD2_T2,T+1,NQ_xgb,13.089727401733398,35.40525443006369,23.756782721327276,0.36971143443100096,0.550989060904375,1
17288,Zeravshan,DD2_T2,T+2,OS_xgb,20.91950225830078,77.66503013821838,46.950626632381166,0.26935549012304383,0.44556385630586887,1
17288,Zeravshan,DD2_T2,T+2,OS_ens,11.511584904597829,77.66503013821838,46.950626632381166,0.1482209545803429,0.24518490444722746,1
17288,Zeravshan,DD2_T2,T+2,AR_xgb,27.118633506343336,77.66503013821838,46.950626632381166,0.34917431253269365,0.5775989683520009,1
17288,Zeravshan,DD2_T2,T+2,AR_ens,16.27829462430359,77.66503013821838,46.950626632381166,0.20959619271805527,0.3467109129716426,1
17288,Zeravshan,DD2_T2,T+2,NQ_xgb,29.34800148010254,77.66503013821838,46.950626632381166,0.3778792260541544,0.6250822105079562,1
17288,Zeravshan,DD2_T2,T+3,OS_xgb,27.531063079833984,125.66433060929155,62.0373539904527,0.2190841501828551,0.44378203306464203,1
17288,Zeravshan,DD2_T2,T+3,OS_ens,15.155789504209505,125.66433060929155,62.0373539904527,0.12060534147379522,0.2443010304169633,1
17288,Zeravshan,DD2_T2,T+3,AR_xgb,42.083949380078444,125.66433060929155,62.0373539904527,0.33489176424234085,0.6783646734281251,1
17288,Zeravshan,DD2_T2,T+3,AR_ens,24.70691805935459,125.66433060929155,62.0373539904527,0.19661042986153282,0.3982587339743227,1
17288,Zeravshan,DD2_T2,T+3,NQ_xgb,41.598976135253906,125.66433060929155,62.0373539904527,0.33103248896133536,0.6705472341978966,1
17288,Zeravshan,DD4_T0,T+1,OS_xgb,9.802627563476562,35.40525443006369,23.756782721327276,0.2768692873776625,0.41262437251978606,1
17288,Zeravshan,DD4_T0,T+1,OS_ens,5.409062653795149,35.40525443006369,23.756782721327276,0.15277570351823674,0.22768498231619758,1
17288,Zeravshan,DD4_T0,T+1,AR_xgb,14.626971734407046,35.40525443006369,23.756782721327276,0.41312997095670734,0.6156966583390062,1
17288,Zeravshan,DD4_T0,T+1,AR_ens,9.830575364268167,35.40525443006369,23.756782721327276,0.27765865610954976,0.41380078605689835,1
17288,Zeravshan,DD4_T0,T+1,NQ_xgb,17.284286499023438,35.40525443006369,23.756782721327276,0.4881842194684758,0.7275516513230027,1
17288,Zeravshan,DD4_T0,T+2,OS_xgb,9.876358032226562,77.66503013821838,46.950626632381166,0.12716608768000054,0.210356255935783,1
17288,Zeravshan,DD4_T0,T+2,OS_ens,5.409419290428841,77.66503013821838,46.950626632381166,0.0696506430346044,0.1152150605525261,1
17288,Zeravshan,DD4_T0,T+2,AR_xgb,19.909199628071185,77.66503013821838,46.950626632381166,0.256347027647312,0.4240454506381412,1
17288,Zeravshan,DD4_T0,T+2,AR_ens,12.648648723823941,77.66503013821838,46.950626632381166,0.16286156976072086,0.26940319290861925,1
17288,Zeravshan,DD4_T0,T+2,NQ_xgb,26.916276931762695,77.66503013821838,46.950626632381166,0.34656880817351793,0.5732889816895208,1
17288,Zeravshan,DD4_T0,T+3,OS_xgb,12.273942947387695,125.66433060929155,62.0373539904527,0.09767244919760999,0.19784762176150528,1
17288,Zeravshan,DD4_T0,T+3,OS_ens,6.6818319525751235,125.66433060929155,62.0373539904527,0.05317206497800795,0.10770659163837695,1
17288,Zeravshan,DD4_T0,T+3,AR_xgb,26.674169934329868,125.66433060929155,62.0373539904527,0.21226524507788683,0.42996949770673515,1
17288,Zeravshan,DD4_T0,T+3,AR_ens,17.272915448139493,125.66433060929155,62.0373539904527,0.1374528107092176,0.2784276623209579,1
17288,Zeravshan,DD4_T0,T+3,NQ_xgb,36.25837326049805,125.66433060929155,62.0373539904527,0.2885335328226952,0.5844603441029749,1
17288,Zeravshan,DD4_T1,T+1,OS_xgb,10.502052307128906,35.40525443006369,23.756782721327276,0.29662411628403074,0.4420654273905892,1
17288,Zeravshan,DD4_T1,T+1,OS_ens,5.797785781752496,35.40525443006369,23.756782721327276,0.16375495318653654,0.24404759894308523,1
17288,Zeravshan,DD4_T1,T+1,AR_xgb,15.48180795184917,35.40525443006369,23.756782721327276,0.43727430295496167,0.6516794859579459,1
17288,Zeravshan,DD4_T1,T+1,AR_ens,10.292856418255369,35.40525443006369,23.756782721327276,0.2907155049143041,0.43325969425208066,1
17288,Zeravshan,DD4_T1,T+1,NQ_xgb,17.435646057128906,35.40525443006369,23.756782721327276,0.4924592786522602,0.7339228658043975,1
17288,Zeravshan,DD4_T1,T+2,OS_xgb,12.020516395568848,77.66503013821838,46.950626632381166,0.15477385863594278,0.2560246211342038,1
17288,Zeravshan,DD4_T1,T+2,OS_ens,6.598754763920955,77.66503013821838,46.950626632381166,0.0849642979881335,0.1405466814232015,1
17288,Zeravshan,DD4_T1,T+2,AR_xgb,21.83887081494369,77.66503013821838,46.950626632381166,0.281193102945787,0.46514545984529493,1
17288,Zeravshan,DD4_T1,T+2,AR_ens,13.530962030144277,77.66503013821838,46.950626632381166,0.1742220663027309,0.28819555777370964,1
17288,Zeravshan,DD4_T1,T+2,NQ_xgb,27.643465042114258,77.66503013821838,46.950626632381166,0.3559319425089763,0.5887773396201907,1
17288,Zeravshan,DD4_T1,T+3,OS_xgb,14.865053176879883,125.66433060929155,62.0373539904527,0.11829174678928954,0.23961455833799028,1
17288,Zeravshan,DD4_T1,T+3,OS_ens,8.114974152947351,125.66433060929155,62.0373539904527,0.06457659157217788,0.1308078702743546,1
17288,Zeravshan,DD4_T1,T+3,AR_xgb,29.549709461944175,125.66433060929155,62.0373539904527,0.2351479478597508,0.4763212413361756,1
17288,Zeravshan,DD4_T1,T+3,AR_ens,18.93105801784569,125.66433060929155,62.0373539904527,0.15064782445469801,0.30515579405206583,1
17288,Zeravshan,DD4_T1,T+3,NQ_xgb,37.920284271240234,125.66433060929155,62.0373539904527,0.3017585347200857,0.6112492205434167,1
17288,Zeravshan,DD4_T2,T+1,OS_xgb,9.818660736083984,35.40525443006369,23.756782721327276,0.27732213464187555,0.41329926073152307,1
17288,Zeravshan,DD4_T2,T+1,OS_ens,5.40659496984448,35.40525443006369,23.756782721327276,0.15270600527738543,0.22758110949892196,1
17288,Zeravshan,DD4_T2,T+1,AR_xgb,15.417252198233534,35.40525443006369,23.756782721327276,0.43545096473427036,0.6489621250100056,1
17288,Zeravshan,DD4_T2,T+1,AR_ens,9.799951957445963,35.40525443006369,23.756782721327276,0.2767937165034047,0.41251174758811976,1
17288,Zeravshan,DD4_T2,T+1,NQ_xgb,16.325891494750977,35.40525443006369,23.756782721327276,0.46111493216351973,0.6872096986472274,1
17288,Zeravshan,DD4_T2,T+2,OS_xgb,13.121271133422852,77.66503013821838,46.950626632381166,0.16894696506357204,0.2794695635515395,1
17288,Zeravshan,DD4_T2,T+2,OS_ens,7.200475713404941,77.66503013821838,46.950626632381166,0.09271194127640775,0.153362718026832,1
17288,Zeravshan,DD4_T2,T+2,AR_xgb,22.259145517744102,77.66503013821838,46.950626632381166,0.2866044792376967,0.4740968782383043,1
17288,Zeravshan,DD4_T2,T+2,AR_ens,13.855323482862648,77.66503013821838,46.950626632381166,0.17839848202214945,0.2951041227063588,1
17288,Zeravshan,DD4_T2,T+2,NQ_xgb,27.682493209838867,77.66503013821838,46.950626632381166,0.35643446169496196,0.589608599403584,1
17288,Zeravshan,DD4_T2,T+3,OS_xgb,16.33462905883789,125.66433060929155,62.0373539904527,0.12998620196867636,0.2633031231691752,1
17288,Zeravshan,DD4_T2,T+3,OS_ens,8.918792094665505,125.66433060929155,62.0373539904527,0.07097313972407421,0.14376486940494063,1
17288,Zeravshan,DD4_T2,T+3,AR_xgb,30.97596167381236,125.66433060929155,62.0373539904527,0.246497645939969,0.49931145803832055,1
17288,Zeravshan,DD4_T2,T+3,AR_ens,19.56632837851775,125.66433060929155,62.0373539904527,0.1557031202382502,0.3153959206823832,1
17288,Zeravshan,DD4_T2,T+3,NQ_xgb,41.15119934082031,125.66433060929155,62.0373539904527,0.32746921215667235,0.6633293764778123,1
17288,Zeravshan,DD6_T0,T+1,OS_xgb,2.2836923599243164,35.40525443006369,23.756782721327276,0.06450150963991273,0.09612801475320004,1
17288,Zeravshan,DD6_T0,T+1,OS_ens,1.217570524985212,35.40525443006369,23.756782721327276,0.03438954315072893,0.05125149054346308,1
17288,Zeravshan,DD6_T0,T+1,AR_xgb,8.024773795333328,35.40525443006369,23.756782721327276,0.22665488285601035,0.3377887439332942,1
17288,Zeravshan,DD6_T0,T+1,AR_ens,4.511921139963526,35.40525443006369,23.756782721327276,0.12743648400764818,0.1899213876259861,1
17288,Zeravshan,DD6_T0,T+1,NQ_xgb,10.899984359741211,35.40525443006369,23.756782721327276,0.3078634664600997,0.45881567750989793,1
17288,Zeravshan,DD6_T0,T+2,OS_xgb,3.298283100128174,77.66503013821838,46.950626632381166,0.04246805923152682,0.07025003363540618,1
17288,Zeravshan,DD6_T0,T+2,OS_ens,1.7301481911146999,77.66503013821838,46.950626632381166,0.022277055555577602,0.036850374855730714,1
17288,Zeravshan,DD6_T0,T+2,AR_xgb,9.288451537491117,77.66503013821838,46.950626632381166,0.11959631665578069,0.19783445299290225,1
17288,Zeravshan,DD6_T0,T+2,AR_ens,5.762660298829725,77.66503013821838,46.950626632381166,0.0741989063620277,0.12273873028257522,1
17288,Zeravshan,DD6_T0,T+2,NQ_xgb,17.261564254760742,77.66503013821838,46.950626632381166,0.22225658348475236,0.3676535435813692,1
17288,Zeravshan,DD6_T0,T+3,OS_xgb,3.1122679710388184,125.66433060929155,62.0373539904527,0.02476651851761584,0.05016764531120692,1
17288,Zeravshan,DD6_T0,T+3,OS_ens,1.5712977781928483,125.66433060929155,62.0373539904527,0.012503928287162399,0.025328252691671292,1
17288,Zeravshan,DD6_T0,T+3,AR_xgb,11.63606127182437,125.66433060929155,62.0373539904527,0.09259637333367537,0.1875654025091901,1
17288,Zeravshan,DD6_T0,T+3,AR_ens,7.835957600675059,125.66433060929155,62.0373539904527,0.062356259430833845,0.12631031300724047,1
17288,Zeravshan,DD6_T0,T+3,NQ_xgb,23.1306209564209,125.66433060929155,62.0373539904527,0.18406671840983516,0.372849895564221,1
17288,Zeravshan,DD6_T1,T+1,OS_xgb,4.21832799911499,35.40525443006369,23.756782721327276,0.11914412329524394,0.1775631005509872,1
17288,Zeravshan,DD6_T1,T+1,OS_ens,2.2899187644012775,35.40525443006369,23.756782721327276,0.06467737066893768,0.09639010430252995,1
17288,Zeravshan,DD6_T1,T+1,AR_xgb,7.418181549267834,35.40525443006369,23.756782721327276,0.2095220517033999,0.31225530983234856,1
17288,Zeravshan,DD6_T1,T+1,AR_ens,5.024588079179182,35.40525443006369,23.756782721327276,0.14191645166974565,0.211501201072502,1
17288,Zeravshan,DD6_T1,T+1,NQ_xgb,11.451708793640137,35.40525443006369,23.756782721327276,0.3234465894394516,0.4820395475250757,1
17288,Zeravshan,DD6_T1,T+2,OS_xgb,3.7826895713806152,77.66503013821838,46.950626632381166,0.04870518384720464,0.08056739265694378,1
17288,Zeravshan,DD6_T1,T+2,OS_ens,1.9985456098256194,77.66503013821838,46.950626632381166,0.02573288913000949,0.042566963492820596,1
17288,Zeravshan,DD6_T1,T+2,AR_xgb,10.428500244375849,77.66503013821838,46.950626632381166,0.13427536467592333,0.2221163164877434,1
17288,Zeravshan,DD6_T1,T+2,AR_ens,6.34293980213274,77.66503013821838,46.950626632381166,0.08167047371055389,0.1350980861618172,1
17288,Zeravshan,DD6_T1,T+2,NQ_xgb,18.611610412597656,77.66503013821838,46.950626632381166,0.23963951831957148,0.39640813653723417,1
17288,Zeravshan,DD6_T1,T+3,OS_xgb,3.8390517234802246,125.66433060929155,62.0373539904527,0.030550051115271426,0.06188290564538003,1
17288,Zeravshan,DD6_T1,T+3,OS_ens,1.9665639670254587,125.66433060929155,62.0373539904527,0.015649341046026725,0.03169967512360545,1
17288,Zeravshan,DD6_T1,T+3,AR_xgb,12.99431823038426,125.66433060929155,62.0373539904527,0.10340498506919567,0.20945958192195036,1
17288,Zeravshan,DD6_T1,T+3,AR_ens,8.048250272442402,125.66433060929155,62.0373539904527,0.06404562244051232,0.1297323266508271,1
17288,Zeravshan,DD6_T1,T+3,NQ_xgb,24.24493980407715,125.66433060929155,62.0373539904527,0.19293414198383904,0.39081195835348403,1
17288,Zeravshan,DD6_T2,T+1,OS_xgb,4.337739944458008,35.40525443006369,23.756782721327276,0.12251684147691647,0.18258953644273854,1
17288,Zeravshan,DD6_T2,T+1,OS_ens,2.350015104097314,35.40525443006369,23.756782721327276,0.06637475544030673,0.09891975406196837,1
17288,Zeravshan,DD6_T2,T+1,AR_xgb,8.395153601752291,35.40525443006369,23.756782721327276,0.23711603650060786,0.3533792306908492,1
17288,Zeravshan,DD6_T2,T+1,AR_ens,4.8976032451715446,35.40525443006369,23.756782721327276,0.13832984182745595,0.20615599774690024,1
17288,Zeravshan,DD6_T2,T+1,NQ_xgb,11.675226211547852,35.40525443006369,23.756782721327276,0.32975970373578384,0.49144812024847967,1
17288,Zeravshan,DD6_T2,T+2,OS_xgb,4.411935806274414,77.66503013821838,46.950626632381166,0.05680723741975777,0.09396968949572157,1
17288,Zeravshan,DD6_T2,T+2,OS_ens,2.3387402774137867,77.66503013821838,46.950626632381166,0.030113170280776213,0.04981275959798993,1
17288,Zeravshan,DD6_T2,T+2,AR_xgb,11.192800854811978,77.66503013821838,46.950626632381166,0.14411635242904622,0.23839513245372673,1
17288,Zeravshan,DD6_T2,T+2,AR_ens,6.949870319395023,77.66503013821838,46.950626632381166,0.08948519439220617,0.14802508119458832,1
17288,Zeravshan,DD6_T2,T+2,NQ_xgb,19.836759567260742,77.66503013821838,46.950626632381166,0.25541430334808074,0.4225025519378184,1
17288,Zeravshan,DD6_T2,T+3,OS_xgb,4.460024833679199,125.66433060929155,62.0373539904527,0.035491573559931315,0.07189257031119636,1
17288,Zeravshan,DD6_T2,T+3,OS_ens,2.302119897575694,125.66433060929155,62.0373539904527,0.018319597028160006,0.037108608757394475,1
17288,Zeravshan,DD6_T2,T+3,AR_xgb,16.046622118885967,125.66433060929155,62.0373539904527,0.12769432695087693,0.25866064696046637,1
17288,Zeravshan,DD6_T2,T+3,AR_ens,9.447836060102087,125.66433060929155,62.0373539904527,0.07518311691387404,0.15229269871110349,1
17288,Zeravshan,DD6_T2,T+3,NQ_xgb,27.544044494628906,125.66433060929155,62.0373539904527,0.2191874524861577,0.4439912846519506,1
17288,Zeravshan,empirical,T+1,OS_xgb,5.012273788452148,35.40525443006369,23.756782721327276,0.14156864197524513,0.2109828526550634,1
17288,Zeravshan,empirical,T+1,OS_ens,2.727854644203953,35.40525443006369,23.756782721327276,0.07704660475162826,0.1148242451935659,1
17288,Zeravshan,empirical,T+1,AR_xgb,5.741508862051248,35.40525443006369,23.756782721327276,0.1621654456231207,0.24167872095310697,1
17288,Zeravshan,empirical,T+1,AR_ens,3.6474676014702556,35.40525443006369,23.756782721327276,0.10302051659239253,0.15353373578636131,1
17288,Zeravshan,empirical,T+1,NQ_xgb,3.4695262908935547,35.40525443006369,23.756782721327276,0.09799467188541013,0.14604360917014417,1
17288,Zeravshan,empirical,T+2,OS_xgb,8.19761848449707,77.66503013821838,46.950626632381166,0.10555095993535298,0.17460083224625786,1
17288,Zeravshan,empirical,T+2,OS_ens,4.4456623393727135,77.66503013821838,46.950626632381166,0.05724149377732664,0.09468802992091707,1
17288,Zeravshan,empirical,T+2,AR_xgb,9.605827760279363,77.66503013821838,46.950626632381166,0.12368279189725578,0.20459423972105972,1
17288,Zeravshan,empirical,T+2,AR_ens,6.238273351683499,77.66503013821838,46.950626632381166,0.0803228086125945,0.13286879854721795,1
17288,Zeravshan,empirical,T+2,NQ_xgb,10.960447311401367,77.66503013821838,46.950626632381166,0.14112461286495803,0.23344624124445884,1
17288,Zeravshan,empirical,T+3,OS_xgb,13.605905532836914,125.66433060929155,62.0373539904527,0.1082718180001263,0.21931795374333354,1
17288,Zeravshan,empirical,T+3,OS_ens,7.382350194183385,125.66433060929155,62.0373539904527,0.05874658432022505,0.11899846978192362,1
17288,Zeravshan,empirical,T+3,AR_xgb,19.2621987719203,125.66433060929155,62.0373539904527,0.15328294575339155,0.31049355804060685,1
17288,Zeravshan,empirical,T+3,AR_ens,11.723779176398818,125.66433060929155,62.0373539904527,0.09329440677044412,0.18897935553800474,1
17288,Zeravshan,empirical,T+3,NQ_xgb,24.68019676208496,125.66433060929155,62.0373539904527,0.19639778959090018,0.39782800481598785,1
16279,Chatkal,DD2_T0,T+1,OS_xgb,5.848824977874756,16.01877264041884,19.356986609141224,0.36512316574847314,0.3021557588469211,1
16279,Chatkal,DD2_T0,T+1,OS_ens,3.2795910234952763,16.01877264041884,19.356986609141224,0.20473422634266972,0.1694267341150357,1
16279,Chatkal,DD2_T0,T+1,AR_xgb,9.235701479935866,16.01877264041884,19.356986609141224,0.5765548764099557,0.47712496094688417,1
16279,Chatkal,DD2_T0,T+1,AR_ens,6.25629242079394,16.01877264041884,19.356986609141224,0.39056003610463613,0.3232059073616057,1
16279,Chatkal,DD2_T0,T+1,NQ_xgb,12.795329093933105,16.01877264041884,19.356986609141224,0.7987708784659139,0.6610186467707007,1
16279,Chatkal,DD2_T0,T+2,OS_xgb,10.794771194458008,31.967987087611935,35.273849730609285,0.3376744104930254,0.30602758918856315,1
16279,Chatkal,DD2_T0,T+2,OS_ens,6.060874212810896,31.967987087611935,35.273849730609285,0.18959198764064736,0.17182344028504218,1
16279,Chatkal,DD2_T0,T+2,AR_xgb,23.082580860598867,31.967987087611935,35.273849730609285,0.7220529962471021,0.6543822417139996,1
16279,Chatkal,DD2_T0,T+2,AR_ens,13.433300614756616,31.967987087611935,35.273849730609285,0.4202110247961849,0.38082887797471443,1
16279,Chatkal,DD2_T0,T+2,NQ_xgb,22.33335304260254,31.967987087611935,35.273849730609285,0.6986161806620925,0.6331419227888392,1
16279,Chatkal,DD2_T0,T+3,OS_xgb,15.08166217803955,47.155933344451824,52.96586396820632,0.3198253349769398,0.2847430599280431,1
16279,Chatkal,DD2_T0,T+3,OS_ens,8.484774076578072,47.155933344451824,52.96586396820632,0.17993014822972125,0.16019325355801248,1
16279,Chatkal,DD2_T0,T+3,AR_xgb,30.807856148047577,47.155933344451824,52.96586396820632,0.6533187652762747,0.5816549347055026,1
16279,Chatkal,DD2_T0,T+3,AR_ens,21.346439992028486,47.155933344451824,52.96586396820632,0.452677711542741,0.4030225959278613,1
16279,Chatkal,DD2_T0,T+3,NQ_xgb,35.25531768798828,47.155933344451824,52.96586396820632,0.7476326983174065,0.6656233854535234,1
16279,Chatkal,DD2_T1,T+1,OS_xgb,4.805922508239746,16.01877264041884,19.356986609141224,0.3000181484637194,0.24827844360703216,1
16279,Chatkal,DD2_T1,T+1,OS_ens,2.6947363526642953,16.01877264041884,19.356986609141224,0.16822364691442654,0.13921259579689546,1
16279,Chatkal,DD2_T1,T+1,AR_xgb,9.430752196360203,16.01877264041884,19.356986609141224,0.5887312597573404,0.48720146305761175,1
16279,Chatkal,DD2_T1,T+1,AR_ens,4.189305237846641,16.01877264041884,19.356986609141224,0.261524733004582,0.2164234197418035,1
16279,Chatkal,DD2_T1,T+1,NQ_xgb,10.576820373535156,16.01877264041884,19.356986609141224,0.6602765774231381,0.5464084150649934,1
16279,Chatkal,DD2_T1,T+2,OS_xgb,9.989768028259277,31.967987087611935,35.273849730609285,0.31249286984761265,0.2832060607093459,1
16279,Chatkal,DD2_T1,T+2,OS_ens,5.600579709214393,31.967987087611935,35.273849730609285,0.17519337998558876,0.15877426909698564,1
16279,Chatkal,DD2_T1,T+2,AR_xgb,21.009952169491076,31.967987087611935,35.273849730609285,0.6572184889812077,0.5956240197751778,1
16279,Chatkal,DD2_T1,T+2,AR_ens,10.351600929075012,31.967987087611935,35.273849730609285,0.32381147116661624,0.2934638835321763,1
16279,Chatkal,DD2_T1,T+2,NQ_xgb,21.794628143310547,31.967987087611935,35.273849730609285,0.6817641687473118,0.6178692802106601,1
16279,Chatkal,DD2_T1,T+3,OS_xgb,14.883100509643555,47.155933344451824,52.96586396820632,0.31561458875025405,0.2809941988027873,1
16279,Chatkal,DD2_T1,T+3,OS_ens,8.363866453678625,47.155933344451824,52.96586396820632,0.17736615226305735,0.15791050739206636,1
16279,Chatkal,DD2_T1,T+3,AR_xgb,35.3680546012176,47.155933344451824,52.96586396820632,0.7500234242607534,0.6677518679285188,1
16279,Chatkal,DD2_T1,T+3,AR_ens,20.522368997070284,47.155933344451824,52.96586396820632,0.4352022649443511,0.38746406571200637,1
16279,Chatkal,DD2_T1,T+3,NQ_xgb,38.00359344482422,47.155933344451824,52.96586396820632,0.805913291276114,0.7175110646290322,1
16279,Chatkal,DD2_T2,T+1,OS_xgb,4.798746109008789,16.01877264041884,19.356986609141224,0.29957014914491703,0.24790770412284158,1
16279,Chatkal,DD2_T2,T+1,OS_ens,2.683523245458863,16.01877264041884,19.356986609141224,0.1675236490146412,0.13863331621005437,1
16279,Chatkal,DD2_T2,T+1,AR_xgb,8.031333025548081,16.01877264041884,19.356986609141224,0.501370061604051,0.4149061621892806,1
16279,Chatkal,DD2_T2,T+1,AR_ens,4.225220176591593,16.01877264041884,19.356986609141224,0.26376678609760934,0.2182788190077198,1
16279,Chatkal,DD2_T2,T+1,NQ_xgb,11.630433082580566,16.01877264041884,19.356986609141224,0.7260502002028831,0.6008390312719524,1
16279,Chatkal,DD2_T2,T+2,OS_xgb,10.281742095947266,31.967987087611935,35.273849730609285,0.3216261964748976,0.2914834126263561,1
16279,Chatkal,DD2_T2,T+2,OS_ens,5.759578375347784,31.967987087611935,35.273849730609285,0.18016706399320667,0.16328181979949424,1
16279,Chatkal,DD2_T2,T+2,AR_xgb,20.162015117120635,31.967987087611935,35.273849730609285,0.6306939208234889,0.5715853322248753,1
16279,Chatkal,DD2_T2,T+2,AR_ens,10.614454129657268,31.967987087611935,35.273849730609285,0.3320338593908694,0.3009156701273367,1
16279,Chatkal,DD2_T2,T+2,NQ_xgb,21.971118927001953,31.967987087611935,35.273849730609285,0.6872850288254804,0.6228727256820019,1
16279,Chatkal,DD2_T2,T+3,OS_xgb,16.466825485229492,47.155933344451824,52.96586396820632,0.34919943933559977,0.3108950605452974,1
16279,Chatkal,DD2_T2,T+3,OS_ens,9.237696578560051,47.155933344451824,52.96586396820632,0.19589680287065978,0.17440849419741625,1
16279,Chatkal,DD2_T2,T+3,AR_xgb,36.47421326413651,47.155933344451824,52.96586396820632,0.7734808894081177,0.6886362372193303,1
16279,Chatkal,DD2_T2,T+3,AR_ens,21.572723536881746,47.155933344451824,52.96586396820632,0.45747633451135805,0.4072948484297575,1
16279,Chatkal,DD2_T2,T+3,NQ_xgb,39.91663360595703,47.155933344451824,52.96586396820632,0.8464816784429835,0.7536294249805437,1
16279,Chatkal,DD4_T0,T+1,OS_xgb,4.158687591552734,16.01877264041884,19.356986609141224,0.259613372691205,0.21484168354948485,1
16279,Chatkal,DD4_T0,T+1,OS_ens,2.3472247169644023,16.01877264041884,19.356986609141224,0.14652962306499343,0.12125982025817691,1
16279,Chatkal,DD4_T0,T+1,AR_xgb,12.482332347823721,16.01877264041884,19.356986609141224,0.7792315071835209,0.6448489426514875,1
16279,Chatkal,DD4_T0,T+1,AR_ens,8.553147114792047,16.01877264041884,19.356986609141224,0.533945222070922,0.44186356520765857,1
16279,Chatkal,DD4_T0,T+1,NQ_xgb,10.986745834350586,16.01877264041884,19.356986609141224,0.685866893861059,0.5675855470790149,1
16279,Chatkal,DD4_T0,T+2,OS_xgb,7.864660263061523,31.967987087611935,35.273849730609285,0.24601674924065503,0.22296007731293574,1
16279,Chatkal,DD4_T0,T+2,OS_ens,4.447731121508358,31.967987087611935,35.273849730609285,0.13913078447256755,0.1260914574245858,1
16279,Chatkal,DD4_T0,T+2,AR_xgb,22.939940477187434,31.967987087611935,35.273849730609285,0.7175910204892756,0.6503384420011588,1
16279,Chatkal,DD4_T0,T+2,AR_ens,16.076925120098863,31.967987087611935,35.273849730609285,0.502907019952123,0.4557746104516607,1
16279,Chatkal,DD4_T0,T+2,NQ_xgb,19.328916549682617,31.967987087611935,35.273849730609285,0.6046335196742136,0.5479673099845898,1
16279,Chatkal,DD4_T0,T+3,OS_xgb,11.289590835571289,47.155933344451824,52.96586396820632,0.23940976320214383,0.21314843164548514,1
16279,Chatkal,DD4_T0,T+3,OS_ens,6.353499381918503,47.155933344451824,52.96586396820632,0.13473382735337228,0.11995460672051535,1
16279,Chatkal,DD4_T0,T+3,AR_xgb,38.19545326099887,47.155933344451824,52.96586396820632,0.8099819164218237,0.7211333942164401,1
16279,Chatkal,DD4_T0,T+3,AR_ens,23.103468100480086,47.155933344451824,52.96586396820632,0.48993766980965386,0.43619543550442874,1
16279,Chatkal,DD4_T0,T+3,NQ_xgb,21.213912963867188,47.155933344451824,52.96586396820632,0.4498673116892751,0.40052047440595334,1
16279,Chatkal,DD4_T1,T+1,OS_xgb,4.748570919036865,16.01877264041884,19.356986609141224,0.29643787483787554,0.24531560696510377,1
16279,Chatkal,DD4_T1,T+1,OS_ens,2.683730986794175,16.01877264041884,19.356986609141224,0.1675366176321486,0.13864404832138483,1
16279,Chatkal,DD4_T1,T+1,AR_xgb,16.994729656898688,16.01877264041884,19.356986609141224,1.0609258298614772,0.8779636004331907,1
16279,Chatkal,DD4_T1,T+1,AR_ens,9.813292073980762,16.01877264041884,19.356986609141224,0.6126119830941164,0.5069638302764797,1
16279,Chatkal,DD4_T1,T+1,NQ_xgb,12.376291275024414,16.01877264041884,19.356986609141224,0.7726117070790021,0.6393707618302419,1
16279,Chatkal,DD4_T1,T+2,OS_xgb,8.65204906463623,31.967987087611935,35.273849730609285,0.2706472897691149,0.24528224536626964,1
16279,Chatkal,DD4_T1,T+2,OS_ens,4.892873903565076,31.967987087611935,35.273849730609285,0.1530554266728022,0.1387110831659304,1
16279,Chatkal,DD4_T1,T+2,AR_xgb,23.056432240767855,31.967987087611935,35.273849730609285,0.7212350335846626,0.6536409384530653,1
16279,Chatkal,DD4_T1,T+2,AR_ens,16.936593351851716,31.967987087611935,35.273849730609285,0.5297985545800878,0.48014587240118545,1
16279,Chatkal,DD4_T1,T+2,NQ_xgb,20.526308059692383,31.967987087611935,35.273849730609285,0.6420894754317087,0.5819128962802278,1
16279,Chatkal,DD4_T1,T+3,OS_xgb,12.103139877319336,47.155933344451824,52.96586396820632,0.2566620787443992,0.2285083064931114,1
16279,Chatkal,DD4_T1,T+3,OS_ens,6.8120127500917675,47.155933344451824,52.96586396820632,0.1444571714938443,0.1286113779656421,1
16279,Chatkal,DD4_T1,T+3,AR_xgb,42.688620699012816,47.155933344451824,52.96586396820632,0.9052650996682136,0.805964776193161,1
16279,Chatkal,DD4_T1,T+3,AR_ens,24.178803726893193,47.155933344451824,52.96586396820632,0.5127414942734448,0.45649786325409397,1
16279,Chatkal,DD4_T1,T+3,NQ_xgb,27.698505401611328,47.155933344451824,52.96586396820632,0.587381129735824,0.5229501291291658,1
16279,Chatkal,DD4_T2,T+1,OS_xgb,5.188637733459473,16.01877264041884,19.356986609141224,0.3239098181821629,0.2680498694465785,1
16279,Chatkal,DD4_T2,T+1,OS_ens,2.9276616038701464,16.01877264041884,19.356986609141224,0.18276441457712062,0.151245731734276,1
16279,Chatkal,DD4_T2,T+1,AR_xgb,14.52393517295183,16.01877264041884,19.356986609141224,0.906682147189279,0.7503200506473972,1
16279,Chatkal,DD4_T2,T+1,AR_ens,9.90313271440828,16.01877264041884,19.356986609141224,0.6182204427710352,0.5116050816366006,1
16279,Chatkal,DD4_T2,T+1,NQ_xgb,14.527082443237305,16.01877264041884,19.356986609141224,0.9068786210612866,0.7504826415686507,1
16279,Chatkal,DD4_T2,T+2,OS_xgb,9.515941619873047,31.967987087611935,35.273849730609285,0.2976709667015792,0.26977326525308293,1
16279,Chatkal,DD4_T2,T+2,OS_ens,5.368741438783409,31.967987087611935,35.273849730609285,0.16794117890719104,0.15220174377861065,1
16279,Chatkal,DD4_T2,T+2,AR_xgb,25.910097957167476,31.967987087611935,35.273849730609285,0.8105013895982216,0.7345412580437369,1
16279,Chatkal,DD4_T2,T+2,AR_ens,17.854628665132743,31.967987087611935,35.273849730609285,0.5585158870403721,0.5061718185423687,1
16279,Chatkal,DD4_T2,T+2,NQ_xgb,23.470443725585938,31.967987087611935,35.273849730609285,0.7341858485259799,0.665378003955695,1
16279,Chatkal,DD4_T2,T+3,OS_xgb,13.478845596313477,47.155933344451824,52.96586396820632,0.28583562322596556,0.2544817470438014,1
16279,Chatkal,DD4_T2,T+3,OS_ens,7.571486808003924,47.155933344451824,52.96586396820632,0.16056275999666444,0.14295031253618068,1
16279,Chatkal,DD4_T2,T+3,AR_xgb,44.31282301991412,47.155933344451824,52.96586396820632,0.939708322518608,0.8366298536452396,1
16279,Chatkal,DD4_T2,T+3,AR_ens,23.383120436446692,47.155933344451824,52.96586396820632,0.4958680441259436,0.4414752953049688,1
16279,Chatkal,DD4_T2,T+3,NQ_xgb,32.64837646484375,47.155933344451824,52.96586396820632,0.6923492792807806,0.6164041142506711,1
16279,Chatkal,DD6_T0,T+1,OS_xgb,2.8749942779541016,16.01877264041884,19.356986609141224,0.17947656430929462,0.14852488850699533,1
16279,Chatkal,DD6_T0,T+1,OS_ens,1.6163430175502036,16.01877264041884,19.356986609141224,0.10090305005464771,0.08350178931192188,1
16279,Chatkal,DD6_T0,T+1,AR_xgb,8.008515029356754,16.01877264041884,19.356986609141224,0.4999456081391362,0.4137273632030504,1
16279,Chatkal,DD6_T0,T+1,AR_ens,4.159565442880164,16.01877264041884,19.356986609141224,0.25966817410122156,0.2148870341686259,1
16279,Chatkal,DD6_T0,T+1,NQ_xgb,4.742545127868652,16.01877264041884,19.356986609141224,0.29606170424706457,0.24500430896764752,1
16279,Chatkal,DD6_T0,T+2,OS_xgb,4.988140106201172,31.967987087611935,35.273849730609285,0.1560354767577515,0.14141184317266783,1
16279,Chatkal,DD6_T0,T+2,OS_ens,2.799258800903981,31.967987087611935,35.273849730609285,0.08756443729886061,0.07935790457469949,1
16279,Chatkal,DD6_T0,T+2,AR_xgb,14.79254759721448,31.967987087611935,35.273849730609285,0.46273002915929007,0.4193630043271993,1
16279,Chatkal,DD6_T0,T+2,AR_ens,10.178514142042095,31.967987087611935,35.273849730609285,0.3183970925084119,0.28855694004982885,1
16279,Chatkal,DD6_T0,T+2,NQ_xgb,5.340570449829102,31.967987087611935,35.273849730609285,0.16705995392179857,0.15140310713505026,1
16279,Chatkal,DD6_T0,T+3,OS_xgb,7.200461387634277,47.155933344451824,52.96586396820632,0.15269470620034825,0.1359453211592372,1
16279,Chatkal,DD6_T0,T+3,OS_ens,4.036511540194898,47.155933344451824,52.96586396820632,0.08559922906646947,0.07620967992928207,1
16279,Chatkal,DD6_T0,T+3,AR_xgb,28.492496130910784,47.155933344451824,52.96586396820632,0.6042186870268594,0.5379407413804087,1
16279,Chatkal,DD6_T0,T+3,AR_ens,16.607483598144377,47.155933344451824,52.96586396820632,0.35218226891692617,0.313550697636374,1
16279,Chatkal,DD6_T0,T+3,NQ_xgb,9.25637435913086,47.155933344451824,52.96586396820632,0.19629288835229738,0.17476113227733164,1
16279,Chatkal,DD6_T1,T+1,OS_xgb,2.9142916202545166,16.01877264041884,19.356986609141224,0.1819297698814406,0.15055502589841435,1
16279,Chatkal,DD6_T1,T+1,OS_ens,1.6394300283162688,16.01877264041884,19.356986609141224,0.10234429722659469,0.0846944858422363,1
16279,Chatkal,DD6_T1,T+1,AR_xgb,8.778940469348894,16.01877264041884,19.356986609141224,0.548040768566608,0.45352826070578006,1
16279,Chatkal,DD6_T1,T+1,AR_ens,4.067231306717489,16.01877264041884,19.356986609141224,0.25390405357617607,0.21011696649088774,1
16279,Chatkal,DD6_T1,T+1,NQ_xgb,4.459702968597412,16.01877264041884,19.356986609141224,0.2784047859787093,0.23039241895695395,1
16279,Chatkal,DD6_T1,T+2,OS_xgb,5.410748481750488,31.967987087611935,35.273849730609285,0.1692552135647988,0.15339262720324087,1
16279,Chatkal,DD6_T1,T+2,OS_ens,3.032292419215743,31.967987087611935,35.273849730609285,0.09485403040564919,0.08596431754327163,1
16279,Chatkal,DD6_T1,T+2,AR_xgb,16.388025434202955,31.967987087611935,35.273849730609285,0.5126386403150656,0.464594184058738,1
16279,Chatkal,DD6_T1,T+2,AR_ens,10.915384530450778,31.967987087611935,35.273849730609285,0.3414473517064404,0.30944693062461026,1
16279,Chatkal,DD6_T1,T+2,NQ_xgb,6.6579461097717285,31.967987087611935,35.273849730609285,0.2082691691386406,0.18875019768523366,1
16279,Chatkal,DD6_T1,T+3,OS_xgb,7.685732841491699,47.155933344451824,52.96586396820632,0.16298548870512328,0.14510728732953726,1
16279,Chatkal,DD6_T1,T+3,OS_ens,4.309158558397375,47.155933344451824,52.96586396820632,0.09138104693890811,0.08135727873681098,1
16279,Chatkal,DD6_T1,T+3,AR_xgb,30.576415461399353,47.155933344451824,52.96586396820632,0.6484107787254061,0.5772853149295059,1
16279,Chatkal,DD6_T1,T+3,AR_ens,18.676352768158498,47.155933344451824,52.96586396820632,0.39605520331315597,0.3526111228803764,1
16279,Chatkal,DD6_T1,T+3,NQ_xgb,14.151948928833008,47.155933344451824,52.96586396820632,0.30010961347026477,0.26718999499994867,1
16279,Chatkal,DD6_T2,T+1,OS_xgb,2.5659501552581787,16.01877264041884,19.356986609141224,0.16018394248156873,0.132559380603509,1
16279,Chatkal,DD6_T2,T+1,OS_ens,1.441030660795839,16.01877264041884,19.356986609141224,0.08995886845661356,0.07444498928956848,1
16279,Chatkal,DD6_T2,T+1,AR_xgb,9.464663577172928,16.01877264041884,19.356986609141224,0.5908482372295819,0.4889533566502183,1
16279,Chatkal,DD6_T2,T+1,AR_ens,6.344143761257159,16.01877264041884,19.356986609141224,0.39604431023944414,0.3277443896283513,1
16279,Chatkal,DD6_T2,T+1,NQ_xgb,6.61793327331543,16.01877264041884,19.356986609141224,0.41313610111532184,0.34188861143242977,1
16279,Chatkal,DD6_T2,T+2,OS_xgb,5.982094764709473,31.967987087611935,35.273849730609285,0.187127664570023,0.16959007339418475,1
16279,Chatkal,DD6_T2,T+2,OS_ens,3.3465182578096053,31.967987087611935,35.273849730609285,0.10468342121879892,0.09487249856104099,1
16279,Chatkal,DD6_T2,T+2,AR_xgb,17.634130063857654,31.967987087611935,35.273849730609285,0.5516184054857536,0.4999207684596852,1
16279,Chatkal,DD6_T2,T+2,AR_ens,11.010125003354233,31.967987087611935,35.273849730609285,0.34441095628510243,0.31213278639671904,1
16279,Chatkal,DD6_T2,T+2,NQ_xgb,13.748669624328613,31.967987087611935,35.273849730609285,0.43007617547669824,0.389769467447667,1
16279,Chatkal,DD6_T2,T+3,OS_xgb,9.318685531616211,47.155933344451824,52.96586396820632,0.1976142739779449,0.1759375724940485,1
16279,Chatkal,DD6_T2,T+3,OS_ens,5.213763508897773,47.155933344451824,52.96586396820632,0.11056431585848789,0.09843629685767846,1
16279,Chatkal,DD6_T2,T+3,AR_xgb,34.445002108713865,47.155933344451824,52.96586396820632,0.7304489523536601,0.6503245586514,1
16279,Chatkal,DD6_T2,T+3,AR_ens,19.565595492023835,47.155933344451824,52.96586396820632,0.4149126971807853,0.36940010086059244,1
16279,Chatkal,DD6_T2,T+3,NQ_xgb,18.68740463256836,47.155933344451824,52.96586396820632,0.39628957179292146,0.3528197830169597,1
16279,Chatkal,empirical,T+1,OS_xgb,5.0351738929748535,16.01877264041884,19.356986609141224,0.31432956856320043,0.26012178417259546,1
16279,Chatkal,empirical,T+1,OS_ens,2.8323092882209133,16.01877264041884,19.356986609141224,0.17681187889978425,0.146319742086476,1
16279,Chatkal,empirical,T+1,AR_xgb,19.195411746965462,16.01877264041884,19.356986609141224,1.198307272214556,0.9916528917729653,1
16279,Chatkal,empirical,T+1,AR_ens,11.633710165744171,16.01877264041884,19.356986609141224,0.72625477787167,0.601008328447684,1
16279,Chatkal,empirical,T+1,NQ_xgb,3.7942347526550293,16.01877264041884,19.356986609141224,0.23686176449507443,0.19601370963718207,1
16279,Chatkal,empirical,T+2,OS_xgb,10.013872146606445,31.967987087611935,35.273849730609285,0.31324687785822364,0.2838894031437911,1
16279,Chatkal,empirical,T+2,OS_ens,5.678235907542706,31.967987087611935,35.273849730609285,0.17762256634991905,0.16097579229111905,1
16279,Chatkal,empirical,T+2,AR_xgb,31.280421685027424,31.967987087611935,35.273849730609285,0.9784920645550763,0.8867878591058203,1
16279,Chatkal,empirical,T+2,AR_ens,21.386881205736152,31.967987087611935,35.273849730609285,0.6690093169495769,0.6063098121999835,1
16279,Chatkal,empirical,T+2,NQ_xgb,13.29941177368164,31.967987087611935,35.273849730609285,0.41602280860640606,0.3770331811030233,1
16279,Chatkal,empirical,T+3,OS_xgb,12.471747398376465,47.155933344451824,52.96586396820632,0.26447885798964554,0.23546764772614392,1
16279,Chatkal,empirical,T+3,OS_ens,7.064281464548072,47.155933344451824,52.96586396820632,0.14980684218350282,0.13337423267160392,1
16279,Chatkal,empirical,T+3,AR_xgb,48.38627313468096,47.155933344451824,52.96586396820632,1.0260908798314325,0.9135369369925819,1
16279,Chatkal,empirical,T+3,AR_ens,28.469530657523435,47.155933344451824,52.96586396820632,0.6037316757059384,0.5375071512967817,1
16279,Chatkal,empirical,T+3,NQ_xgb,19.946922302246094,47.155933344451824,52.96586396820632,0.42299920471392743,0.3765995833508839,1
16290,Pskem,DD2_T0,T+1,OS_xgb,3.162062168121338,31.18720617902364,21.19893797776249,0.10138972211778705,0.14916134815047408,1
16290,Pskem,DD2_T0,T+1,OS_ens,1.663577520674242,31.18720617902364,21.19893797776249,0.05334166552543446,0.07847456898167827,1
16290,Pskem,DD2_T0,T+1,AR_xgb,7.462140735929879,31.18720617902364,21.19893797776249,0.23926929180815426,0.3520054044102399,1
16290,Pskem,DD2_T0,T+1,AR_ens,2.9130126683900137,31.18720617902364,21.19893797776249,0.09340409178265194,0.1374131417076525,1
16290,Pskem,DD2_T0,T+1,NQ_xgb,5.295217037200928,31.18720617902364,21.19893797776249,0.16978811782000738,0.24978690171911283,1
16290,Pskem,DD2_T0,T+2,OS_xgb,7.408827781677246,63.28313359878588,46.01397058038912,0.11707428757635649,0.1610125726649385,1
16290,Pskem,DD2_T0,T+2,OS_ens,3.895260372661613,63.28313359878588,46.01397058038912,0.061552899661345875,0.08465386324043397,1
16290,Pskem,DD2_T0,T+2,AR_xgb,14.964089136111703,63.28313359878588,46.01397058038912,0.23646251829095258,0.325207517355377,1
16290,Pskem,DD2_T0,T+2,AR_ens,6.856288587203285,63.28313359878588,46.01397058038912,0.10834306389870091,0.14900449799751458,1
16290,Pskem,DD2_T0,T+2,NQ_xgb,11.027700424194336,63.28313359878588,46.01397058038912,0.17425970866281357,0.23965983124469323,1
16290,Pskem,DD2_T0,T+3,OS_xgb,13.821220397949219,88.4402799905651,61.47502692837239,0.15627743828291454,0.22482658550199597,1
16290,Pskem,DD2_T0,T+3,OS_ens,7.270646877906928,88.4402799905651,61.47502692837239,0.08220967729503534,0.11826992587377506,1
16290,Pskem,DD2_T0,T+3,AR_xgb,31.08431960258885,88.4402799905651,61.47502692837239,0.3514724241703549,0.5056414149896468,1
16290,Pskem,DD2_T0,T+3,AR_ens,15.10534175334729,88.4402799905651,61.47502692837239,0.17079708199656018,0.24571508965660602,1
16290,Pskem,DD2_T0,T+3,NQ_xgb,23.363624572753906,88.4402799905651,61.47502692837239,0.2641740231402067,0.38005066024576173,1
16290,Pskem,DD2_T1,T+1,OS_xgb,3.444164991378784,31.18720617902364,21.19893797776249,0.11043518844260286,0.16246875173613343,1
16290,Pskem,DD2_T1,T+1,OS_ens,1.8099992532004783,31.18720617902364,21.19893797776249,0.05803659496815956,0.085381600488626,1
16290,Pskem,DD2_T1,T+1,AR_xgb,7.703473649354542,31.18720617902364,21.19893797776249,0.2470074941992034,0.363389602697806,1
16290,Pskem,DD2_T1,T+1,AR_ens,3.264702205790615,31.18720617902364,21.19893797776249,0.10468081645564127,0.15400310191082497,1
16290,Pskem,DD2_T1,T+1,NQ_xgb,6.495994567871094,31.18720617902364,21.19893797776249,0.208290365304997,0.30643018884650436,1
16290,Pskem,DD2_T1,T+2,OS_xgb,7.778584957122803,63.28313359878588,46.01397058038912,0.12291719001209572,0.16904833160470592,1
16290,Pskem,DD2_T1,T+2,OS_ens,4.088605549097723,63.28313359878588,46.01397058038912,0.06460813990374467,0.08885574310425326,1
16290,Pskem,DD2_T1,T+2,AR_xgb,15.783818060868414,63.28313359878588,46.01397058038912,0.24941587376089155,0.34302230087475616,1
16290,Pskem,DD2_T1,T+2,AR_ens,7.377827894377564,63.28313359878588,46.01397058038912,0.11658442739502886,0.1603388666815454,1
16290,Pskem,DD2_T1,T+2,NQ_xgb,10.75400161743164,63.28313359878588,46.01397058038912,0.1699347204519272,0.23371166369230767,1
16290,Pskem,DD2_T1,T+3,OS_xgb,12.769275665283203,88.4402799905651,61.47502692837239,0.14438303074849426,0.20771484460122844,1
16290,Pskem,DD2_T1,T+3,OS_ens,6.714540293793259,88.4402799905651,61.47502692837239,0.07592174396677139,0.10922386909430237,1
16290,Pskem,DD2_T1,T+3,AR_xgb,27.01456658745329,88.4402799905651,61.47502692837239,0.3054554620398673,0.43943968693058577,1
16290,Pskem,DD2_T1,T+3,AR_ens,13.754201967537782,88.4402799905651,61.47502692837239,0.15551965652986505,0.2237364122436821,1
16290,Pskem,DD2_T1,T+3,NQ_xgb,21.60089111328125,88.4402799905651,61.47502692837239,0.24424268122608447,0.35137668403869954,1
16290,Pskem,DD2_T2,T+1,OS_xgb,3.4893453121185303,31.18720617902364,21.19893797776249,0.1118838696896629,0.1646000057068342,1
16290,Pskem,DD2_T2,T+1,OS_ens,1.83275707834335,31.18720617902364,21.19893797776249,0.058766311667123726,0.08645513658589392,1
16290,Pskem,DD2_T2,T+1,AR_xgb,7.740296237328459,31.18720617902364,21.19893797776249,0.24818818950620025,0.36512660424064475,1
16290,Pskem,DD2_T2,T+1,AR_ens,3.1631815617058745,31.18720617902364,21.19893797776249,0.10142561483540051,0.14921415237989874,1
16290,Pskem,DD2_T2,T+1,NQ_xgb,5.616915225982666,31.18720617902364,21.19893797776249,0.18010318698443,0.2649621047938705,1
16290,Pskem,DD2_T2,T+2,OS_xgb,8.462190628051758,63.28313359878588,46.01397058038912,0.13371952599095233,0.18390481241491238,1
16290,Pskem,DD2_T2,T+2,OS_ens,4.446708549833611,63.28313359878588,46.01397058038912,0.07026688308492554,0.096638227341519,1
16290,Pskem,DD2_T2,T+2,AR_xgb,17.540186187782723,63.28313359878588,46.01397058038912,0.27717000076177073,0.3811926240344546,1
16290,Pskem,DD2_T2,T+2,AR_ens,7.629167583435381,63.28313359878588,46.01397058038912,0.1205560968551935,0.16580111403572043,1
16290,Pskem,DD2_T2,T+2,NQ_xgb,11.584175109863281,63.28313359878588,46.01397058038912,0.18305312096753582,0.2517534340929141,1
16290,Pskem,DD2_T2,T+3,OS_xgb,13.24637508392334,88.4402799905651,61.47502692837239,0.14977762491634442,0.215475710150682,1
16290,Pskem,DD2_T2,T+3,OS_ens,6.960632694370583,88.4402799905651,61.47502692837239,0.07870432675148868,0.1132269970777038,1
16290,Pskem,DD2_T2,T+3,AR_xgb,28.072186641821506,88.4402799905651,61.47502692837239,0.317414040806025,0.456643746972731,1
16290,Pskem,DD2_T2,T+3,AR_ens,13.40259496804206,88.4402799905651,61.47502692837239,0.15154401331013267,0.21801690276049965,1
16290,Pskem,DD2_T2,T+3,NQ_xgb,21.803319931030273,88.4402799905651,61.47502692837239,0.24653155703889984,0.35466954665077915,1
16290,Pskem,DD4_T0,T+1,OS_xgb,3.9463043212890625,31.18720617902364,21.19893797776249,0.12653600000705825,0.1861557557944036,1
16290,Pskem,DD4_T0,T+1,OS_ens,2.086799342296497,31.18720617902364,21.19893797776249,0.06691203214284927,0.098438862573471,1
16290,Pskem,DD4_T0,T+1,AR_xgb,14.447912376720462,31.18720617902364,21.19893797776249,0.4632640799494908,0.6815394427719068,1
16290,Pskem,DD4_T0,T+1,AR_ens,6.577966992570405,31.18720617902364,21.19893797776249,0.21091876440649926,0.31029700636280166,1
16290,Pskem,DD4_T0,T+1,NQ_xgb,8.97507095336914,31.18720617902364,21.19893797776249,0.28778053737322995,0.42337361252643485,1
16290,Pskem,DD4_T0,T+2,OS_xgb,9.75767993927002,63.28313359878588,46.01397058038912,0.154190846507911,0.21205907284664288,1
16290,Pskem,DD4_T0,T+2,OS_ens,5.150679855940754,63.28313359878588,46.01397058038912,0.08139103680604673,0.11193730493094946,1
16290,Pskem,DD4_T0,T+2,AR_xgb,28.144573799115623,63.28313359878588,46.01397058038912,0.44474052087167176,0.6116527968379819,1
16290,Pskem,DD4_T0,T+2,AR_ens,15.288290254231875,63.28313359878588,46.01397058038912,0.24158554396435875,0.33225322790873546,1
16290,Pskem,DD4_T0,T+2,NQ_xgb,20.202838897705078,63.28313359878588,46.01397058038912,0.3192452356387845,0.43905880416056525,1
16290,Pskem,DD4_T0,T+3,OS_xgb,11.392897605895996,88.4402799905651,61.47502692837239,0.12882023448039062,0.18532562204763942,1
16290,Pskem,DD4_T0,T+3,OS_ens,6.013904529247604,88.4402799905651,61.47502692837239,0.0679996097919316,0.09782678966948162,1
16290,Pskem,DD4_T0,T+3,AR_xgb,37.712970699412395,88.4402799905651,61.47502692837239,0.42642301339882294,0.6134681444443066,1
16290,Pskem,DD4_T0,T+3,AR_ens,20.877321250597202,88.4402799905651,61.47502692837239,0.2360612297114439,0.33960654096048476,1
16290,Pskem,DD4_T0,T+3,NQ_xgb,24.726879119873047,88.4402799905651,61.47502692837239,0.27958843100124664,0.40222640567011975,1
16290,Pskem,DD4_T1,T+1,OS_xgb,4.855334758758545,31.18720617902364,21.19893797776249,0.15568354314546518,0.2290366981521315,1
16290,Pskem,DD4_T1,T+1,OS_ens,2.564049332166418,31.18720617902364,21.19893797776249,0.08221478119739321,0.12095178234193074,1
16290,Pskem,DD4_T1,T+1,AR_xgb,14.922039038605405,31.18720617902364,21.19893797776249,0.4784666812714341,0.7039050283678597,1
16290,Pskem,DD4_T1,T+1,AR_ens,7.09031068054915,31.18720617902364,21.19893797776249,0.22734677289939673,0.3344653721798152,1
16290,Pskem,DD4_T1,T+1,NQ_xgb,10.916519165039062,31.18720617902364,21.19893797776249,0.35003196831338673,0.5149559462125131,1
16290,Pskem,DD4_T1,T+2,OS_xgb,11.184341430664062,63.28313359878588,46.01397058038912,0.17673494965613776,0.2430640366304481,1
16290,Pskem,DD4_T1,T+2,OS_ens,5.899612183333325,63.28313359878588,46.01397058038912,0.0932256645307228,0.12821349926814846,1
16290,Pskem,DD4_T1,T+2,AR_xgb,32.02475422121037,63.28313359878588,46.01397058038912,0.5060551271725391,0.6959789345990309,1
16290,Pskem,DD4_T1,T+2,AR_ens,15.992870891465394,63.28313359878588,46.01397058038912,0.2527193263351963,0.347565547805202,1
16290,Pskem,DD4_T1,T+2,NQ_xgb,23.184650421142578,63.28313359878588,46.01397058038912,0.36636381769798115,0.5038611128035044,1
16290,Pskem,DD4_T1,T+3,OS_xgb,11.685037612915039,88.4402799905651,61.47502692837239,0.13212348054711734,0.1900777957613562,1
16290,Pskem,DD4_T1,T+3,OS_ens,6.169382999852235,88.4402799905651,61.47502692837239,0.06975761497487787,0.10035592187768361,1
16290,Pskem,DD4_T1,T+3,AR_xgb,38.196106184907194,88.4402799905651,61.47502692837239,0.4318858577673204,0.6213271972928354,1
16290,Pskem,DD4_T1,T+3,AR_ens,21.8023659303187,88.4402799905651,61.47502692837239,0.2465207700907844,0.35465402814254515,1
16290,Pskem,DD4_T1,T+3,NQ_xgb,27.329301834106445,88.4402799905651,61.47502692837239,0.3090141939512399,0.4445594121650272,1
16290,Pskem,DD4_T2,T+1,OS_xgb,4.868406295776367,31.18720617902364,21.19893797776249,0.15610267453359875,0.2296533109763935,1
16290,Pskem,DD4_T2,T+1,OS_ens,2.56778821824708,31.18720617902364,21.19893797776249,0.08233466644967262,0.1211281537282985,1
16290,Pskem,DD4_T2,T+1,AR_xgb,13.985752763330051,31.18720617902364,21.19893797776249,0.4484451952203657,0.6597383688749403,1
16290,Pskem,DD4_T2,T+1,AR_ens,7.240537611655706,31.18720617902364,21.19893797776249,0.23216371386692713,0.3415519031779314,1
16290,Pskem,DD4_T2,T+1,NQ_xgb,11.18779182434082,31.18720617902364,21.19893797776249,0.3587301716004838,0.5277524674149583,1
16290,Pskem,DD4_T2,T+2,OS_xgb,11.70113754272461,63.28313359878588,46.01397058038912,0.18490136118905942,0.2542953236839675,1
16290,Pskem,DD4_T2,T+2,OS_ens,6.167436119546322,63.28313359878588,46.01397058038912,0.09745781804434298,0.13403399101956323,1
16290,Pskem,DD4_T2,T+2,AR_xgb,32.76948589240551,63.28313359878588,46.01397058038912,0.517823376133103,0.7121638380490396,1
16290,Pskem,DD4_T2,T+2,AR_ens,16.155279192974916,63.28313359878588,46.01397058038912,0.2552857021177103,0.35109509110392223,1
16290,Pskem,DD4_T2,T+2,NQ_xgb,24.523704528808594,63.28313359878588,46.01397058038912,0.3875235490753115,0.5329621464847124,1
16290,Pskem,DD4_T2,T+3,OS_xgb,12.598716735839844,88.4402799905651,61.47502692837239,0.142454509836286,0.20494040206796876,1
16290,Pskem,DD4_T2,T+3,OS_ens,6.64418974914478,88.4402799905651,61.47502692837239,0.07512628578124797,0.10807949310679044,1
16290,Pskem,DD4_T2,T+3,AR_xgb,45.46181307787744,88.4402799905651,61.47502692837239,0.5140396783312688,0.7395167655777891,1
16290,Pskem,DD4_T2,T+3,AR_ens,20.815863959213843,88.4402799905651,61.47502692837239,0.23536632811920655,0.33860682946048065,1
16290,Pskem,DD4_T2,T+3,NQ_xgb,30.06109619140625,88.4402799905651,61.47502692837239,0.3399027704866289,0.48899687716171203,1
16290,Pskem,DD6_T0,T+1,OS_xgb,2.035069465637207,31.18720617902364,21.19893797776249,0.06525334311625466,0.09599865180849994,1
16290,Pskem,DD6_T0,T+1,OS_ens,1.0797731747173023,31.18720617902364,21.19893797776249,0.03462231174280537,0.05093524854169465,1
16290,Pskem,DD6_T0,T+1,AR_xgb,14.503428377763848,31.18720617902364,21.19893797776249,0.46504416889765465,0.6841582532567351,1
16290,Pskem,DD6_T0,T+1,AR_ens,5.036456653366194,31.18720617902364,21.19893797776249,0.16149111351800693,0.23758061175750386,1
16290,Pskem,DD6_T0,T+1,NQ_xgb,5.4454803466796875,31.18720617902364,21.19893797776249,0.17460622523931915,0.256875148764148,1
16290,Pskem,DD6_T0,T+2,OS_xgb,3.8986146450042725,63.28313359878588,46.01397058038912,0.06160590386881647,0.08472676006503639,1
16290,Pskem,DD6_T0,T+2,OS_ens,2.0657150233372334,63.28313359878588,46.01397058038912,0.032642426281129434,0.044893213893122036,1
16290,Pskem,DD6_T0,T+2,AR_xgb,22.28182420047591,63.28313359878588,46.01397058038912,0.3520973588593501,0.4842404148007234,1
16290,Pskem,DD6_T0,T+2,AR_ens,10.933356700248208,63.28313359878588,46.01397058038912,0.1727688892520008,0.23760950342563872,1
16290,Pskem,DD6_T0,T+2,NQ_xgb,7.953345775604248,63.28313359878588,46.01397058038912,0.12567876025274508,0.17284632635015237,1
16290,Pskem,DD6_T0,T+3,OS_xgb,3.8468658924102783,88.4402799905651,61.47502692837239,0.04349676293223705,0.0625760749465381,1
16290,Pskem,DD6_T0,T+3,OS_ens,2.0410237733131553,88.4402799905651,61.47502692837239,0.023077988598983336,0.03320086017516111,1
16290,Pskem,DD6_T0,T+3,AR_xgb,28.850599477952876,88.4402799905651,61.47502692837239,0.326215605389656,0.4693060079756963,1
16290,Pskem,DD6_T0,T+3,AR_ens,15.263213055623725,88.4402799905651,61.47502692837239,0.17258214308290318,0.24828314550244368,1
16290,Pskem,DD6_T0,T+3,NQ_xgb,7.754665374755859,88.4402799905651,61.47502692837239,0.08768250593036493,0.1261433424631307,1
16290,Pskem,DD6_T1,T+1,OS_xgb,2.3840367794036865,31.18720617902364,21.19893797776249,0.07644278123916011,0.11246019880356843,1
16290,Pskem,DD6_T1,T+1,OS_ens,1.2614234100176258,31.18720617902364,21.19893797776249,0.040446823058682725,0.05950408512637984,1
16290,Pskem,DD6_T1,T+1,AR_xgb,14.968320691087778,31.18720617902364,21.19893797776249,0.4799506760934359,0.7060882345516281,1
16290,Pskem,DD6_T1,T+1,AR_ens,5.769182953763696,31.18720617902364,21.19893797776249,0.18498556493476545,0.2721449046086894,1
16290,Pskem,DD6_T1,T+1,NQ_xgb,6.753838062286377,31.18720617902364,21.19893797776249,0.21655797007007876,0.3185932271404868,1
16290,Pskem,DD6_T1,T+2,OS_xgb,4.68897819519043,63.28313359878588,46.01397058038912,0.07409522772558137,0.10190335969808362,1
16290,Pskem,DD6_T1,T+2,OS_ens,2.4791830380568314,63.28313359878588,46.01397058038912,0.0391760473458033,0.053878919962482966,1
16290,Pskem,DD6_T1,T+2,AR_xgb,24.067326672561194,63.28313359878588,46.01397058038912,0.3803118667471128,0.5230439009933767,1
16290,Pskem,DD6_T1,T+2,AR_ens,11.319727754389364,63.28313359878588,46.01397058038912,0.17887432417863927,0.2460063239839981,1
16290,Pskem,DD6_T1,T+2,NQ_xgb,10.45103645324707,63.28313359878588,46.01397058038912,0.16514726529672955,0.22712746414675286,1
16290,Pskem,DD6_T1,T+3,OS_xgb,5.161386489868164,88.4402799905651,61.47502692837239,0.05836013285370406,0.08395907651869682,1
16290,Pskem,DD6_T1,T+3,OS_ens,2.7293461072642966,88.4402799905651,61.47502692837239,0.03086089401294824,0.04439763988138458,1
16290,Pskem,DD6_T1,T+3,AR_xgb,30.310274718008134,88.4402799905651,61.47502692837239,0.34272024829909703,0.4930502064411317,1
16290,Pskem,DD6_T1,T+3,AR_ens,15.599015640363145,88.4402799905651,61.47502692837239,0.17637908475671113,0.25374556823762495,1
16290,Pskem,DD6_T1,T+3,NQ_xgb,10.660123825073242,88.4402799905651,61.47502692837239,0.12053471366452566,0.17340576096849675,1
16290,Pskem,DD6_T2,T+1,OS_xgb,2.9105424880981445,31.18720617902364,21.19893797776249,0.09332488685875816,0.13729661793205297,1
16290,Pskem,DD6_T2,T+1,OS_ens,1.5384464533908737,31.18720617902364,21.19893797776249,0.04932940913526346,0.07257186444928002,1
16290,Pskem,DD6_T2,T+1,AR_xgb,15.92398648063421,31.18720617902364,21.19893797776249,0.5105935552298559,0.7511690678720953,1
16290,Pskem,DD6_T2,T+1,AR_ens,6.519864518637386,31.18720617902364,21.19893797776249,0.20905574167854168,0.3075561863276674,1
16290,Pskem,DD6_T2,T+1,NQ_xgb,6.885051727294922,31.18720617902364,21.19893797776249,0.22076526149128978,0.32478286103375953,1
16290,Pskem,DD6_T2,T+2,OS_xgb,5.520778656005859,63.28313359878588,46.01397058038912,0.08723933759360769,0.11998048823803921,1
16290,Pskem,DD6_T2,T+2,OS_ens,2.916079196545407,63.28313359878588,46.01397058038912,0.046079879909760875,0.06337377887115489,1
16290,Pskem,DD6_T2,T+2,AR_xgb,28.066869997708434,63.28313359878588,46.01397058038912,0.4435126454965389,0.6099640966361283,1
16290,Pskem,DD6_T2,T+2,AR_ens,12.31067715738301,63.28313359878588,46.01397058038912,0.19453330543699873,0.2675421616979463,1
16290,Pskem,DD6_T2,T+2,NQ_xgb,13.85071849822998,63.28313359878588,46.01397058038912,0.21886903682809591,0.3010111564710974,1
16290,Pskem,DD6_T2,T+3,OS_xgb,6.454044342041016,88.4402799905651,61.47502692837239,0.07297629929178807,0.10498644188575865,1
16290,Pskem,DD6_T2,T+3,OS_ens,3.406932758412573,88.4402799905651,61.47502692837239,0.038522410362970674,0.05541978472627852,1
16290,Pskem,DD6_T2,T+3,AR_xgb,34.07999734083357,88.4402799905651,61.47502692837239,0.38534474726300344,0.5543714097196227,1
16290,Pskem,DD6_T2,T+3,AR_ens,16.031760274727336,88.4402799905651,61.47502692837239,0.18127215649291953,0.26078492480217597,1
16290,Pskem,DD6_T2,T+3,NQ_xgb,13.414823532104492,88.4402799905651,61.47502692837239,0.1516822824796077,0.21821582197490977,1
16290,Pskem,empirical,T+1,OS_xgb,3.621143102645874,31.18720617902364,21.19893797776249,0.11610989076288074,0.17081719407096824,1
16290,Pskem,empirical,T+1,OS_ens,1.912147649283602,31.18720617902364,21.19893797776249,0.06131192509862275,0.09020016244631826,1
16290,Pskem,empirical,T+1,AR_xgb,14.640257215195607,31.18720617902364,21.19893797776249,0.4694315076238721,0.6906127670430054,1
16290,Pskem,empirical,T+1,AR_ens,6.190605378877767,31.18720617902364,21.19893797776249,0.19849823492819108,0.29202431675453083,1
16290,Pskem,empirical,T+1,NQ_xgb,0.5378365516662598,31.18720617902364,21.19893797776249,0.01724542264475123,0.02537091962957983,1
16290,Pskem,empirical,T+2,OS_xgb,10.48426628112793,63.28313359878588,46.01397058038912,0.16567236299640314,0.22784963238091566,1
16290,Pskem,empirical,T+2,OS_ens,5.526707309151124,63.28313359878588,46.01397058038912,0.08733302216338347,0.12010933287088627,1
16290,Pskem,empirical,T+2,AR_xgb,24.025206650245998,63.28313359878588,46.01397058038912,0.379646286205823,0.5221285263412021,1
16290,Pskem,empirical,T+2,AR_ens,15.413024618056104,63.28313359878588,46.01397058038912,0.2435565962294859,0.33496402122326396,1
16290,Pskem,empirical,T+2,NQ_xgb,10.454458236694336,63.28313359878588,46.01397058038912,0.16520133631459283,0.22720182815846723,1
16290,Pskem,empirical,T+3,OS_xgb,12.878072738647461,88.4402799905651,61.47502692837239,0.1456132063356347,0.20948462135124143,1
16290,Pskem,empirical,T+3,OS_ens,6.790372181728288,88.4402799905651,61.47502692837239,0.0767791800574658,0.11045740882131029,1
16290,Pskem,empirical,T+3,AR_xgb,38.33576381338899,88.4402799905651,61.47502692837239,0.43346497565904013,0.6235989755328761,1
16290,Pskem,empirical,T+3,AR_ens,22.407434927006097,88.4402799905651,61.47502692837239,0.253362324603637,0.3644965451274078,1
16290,Pskem,empirical,T+3,NQ_xgb,14.24673843383789,88.4402799905651,61.47502692837239,0.16108879839997958,0.23174838866581507,1
16300,Ugam,DD2_T0,T+1,OS_xgb,3.099048137664795,13.16907019513156,13.47895251943434,0.2353277863770879,0.22991757951491396,1
16300,Ugam,DD2_T0,T+1,OS_ens,1.6570566056220204,13.16907019513156,13.47895251943434,0.12582943070913338,0.12293660083992644,1
16300,Ugam,DD2_T0,T+1,AR_xgb,9.235966775595404,13.16907019513156,13.47895251943434,0.7013378043204467,0.6852139854546355,1
16300,Ugam,DD2_T0,T+1,AR_ens,4.719876578475846,13.16907019513156,13.47895251943434,0.3584062130841041,0.3501664221808477,1
16300,Ugam,DD2_T0,T+1,NQ_xgb,7.778966426849365,13.16907019513156,13.47895251943434,0.5906997465717171,0.5771195065516722,1
16300,Ugam,DD2_T0,T+2,OS_xgb,5.579864978790283,22.57954897259342,25.555457901892037,0.24712030278208857,0.21834337698864592,1
16300,Ugam,DD2_T0,T+2,OS_ens,2.9793226656718352,22.57954897259342,25.555457901892037,0.13194783781058134,0.11658263675452502,1
16300,Ugam,DD2_T0,T+2,AR_xgb,17.513507304296173,22.57954897259342,25.555457901892037,0.7756358342477832,0.685313774127269,1
16300,Ugam,DD2_T0,T+2,AR_ens,8.417279594788951,22.57954897259342,25.555457901892037,0.3727833361510306,0.32937306884122647,1
16300,Ugam,DD2_T0,T+2,NQ_xgb,18.715972900390625,22.57954897259342,25.555457901892037,0.8288904673475842,0.7323669555146167,1
16300,Ugam,DD2_T0,T+3,OS_xgb,6.101691722869873,28.70171281305481,33.890682223003566,0.21258981171655209,0.18004039230370825,1
16300,Ugam,DD2_T0,T+3,OS_ens,3.2663039431199303,28.70171281305481,33.890682223003566,0.11380170808601606,0.09637763918788572,1
16300,Ugam,DD2_T0,T+3,AR_xgb,29.40445600617172,28.70171281305481,33.890682223003566,1.0244843643197932,0.8676265592025532,1
16300,Ugam,DD2_T0,T+3,AR_ens,16.373819183089932,28.70171281305481,33.890682223003566,0.570482301517643,0.48313631089952136,1
16300,Ugam,DD2_T0,T+3,NQ_xgb,22.133087158203125,28.70171281305481,33.890682223003566,0.7711416842041572,0.6530729305643814,1
16300,Ugam,DD2_T1,T+1,OS_xgb,2.955120801925659,13.16907019513156,13.47895251943434,0.22439859140686563,0.2192396477148266,1
16300,Ugam,DD2_T1,T+1,OS_ens,1.5781132294156563,13.16907019513156,13.47895251943434,0.11983482554440822,0.11707981218423964,1
16300,Ugam,DD2_T1,T+1,AR_xgb,10.466216459247368,13.16907019513156,13.47895251943434,0.7947574357312331,0.7764858911815942,1
16300,Ugam,DD2_T1,T+1,AR_ens,3.5894962545871656,13.16907019513156,13.47895251943434,0.272570211973975,0.26630379841547236,1
16300,Ugam,DD2_T1,T+1,NQ_xgb,8.079402923583984,13.16907019513156,13.47895251943434,0.6135135437709822,0.5994088125123128,1
16300,Ugam,DD2_T1,T+2,OS_xgb,5.581360816955566,22.57954897259342,25.555457901892037,0.24718655025971084,0.21840191001008602,1
16300,Ugam,DD2_T1,T+2,OS_ens,2.981299553071326,22.57954897259342,25.555457901892037,0.13203538993139163,0.11665999351358133,1
16300,Ugam,DD2_T1,T+2,AR_xgb,18.66509563627904,22.57954897259342,25.555457901892037,0.826637221980578,0.7303760984418574,1
16300,Ugam,DD2_T1,T+2,AR_ens,9.30690948343489,22.57954897259342,25.555457901892037,0.4121831439029814,0.3641848062032118,1
16300,Ugam,DD2_T1,T+2,NQ_xgb,21.25183868408203,22.57954897259342,25.555457901892037,0.9411985469628761,0.8315968653611414,1
16300,Ugam,DD2_T1,T+3,OS_xgb,5.485749244689941,28.70171281305481,33.890682223003566,0.19112968206534278,0.1618660022419509,1
16300,Ugam,DD2_T1,T+3,OS_ens,2.939257149462793,28.70171281305481,33.890682223003566,0.10240702945525566,0.086727588725486,1
16300,Ugam,DD2_T1,T+3,AR_xgb,26.234957667120604,28.70171281305481,33.890682223003566,0.9140554725078213,0.7741053276677158,1
16300,Ugam,DD2_T1,T+3,AR_ens,14.566292028795614,28.70171281305481,33.890682223003566,0.507506019716364,0.4298022663854382,1
16300,Ugam,DD2_T1,T+3,NQ_xgb,25.065876007080078,28.70171281305481,33.890682223003566,0.8733233507820135,0.7396096615035509,1
16300,Ugam,DD2_T2,T+1,OS_xgb,3.156358003616333,13.16907019513156,13.47895251943434,0.23967964000854053,0.2341693836420453,1
16300,Ugam,DD2_T2,T+1,OS_ens,1.6844968365350654,13.16907019513156,13.47895251943434,0.12791311850990078,0.12497238447173915,1
16300,Ugam,DD2_T2,T+1,AR_xgb,10.409136662268804,13.16907019513156,13.47895251943434,0.7904230525035041,0.7722511558120418,1
16300,Ugam,DD2_T2,T+1,AR_ens,5.055713162123865,13.16907019513156,13.47895251943434,0.38390813377188154,0.3750820514305094,1
16300,Ugam,DD2_T2,T+1,NQ_xgb,10.971338272094727,13.16907019513156,13.47895251943434,0.8331141158432501,0.8139607477862939,1
16300,Ugam,DD2_T2,T+2,OS_xgb,5.5164995193481445,22.57954897259342,25.555457901892037,0.24431398191540296,0.21586384953562981,1
16300,Ugam,DD2_T2,T+2,OS_ens,2.9436520909691066,22.57954897259342,25.555457901892037,0.1303680642399921,0.11518682632374859,1
16300,Ugam,DD2_T2,T+2,AR_xgb,17.8707855505553,22.57954897259342,25.555457901892037,0.7914589247219456,0.6992942806644921,1
16300,Ugam,DD2_T2,T+2,AR_ens,8.325269481131858,22.57954897259342,25.555457901892037,0.36870840472663535,0.32577265933143323,1
16300,Ugam,DD2_T2,T+2,NQ_xgb,24.370025634765625,22.57954897259342,25.555457901892037,1.0792963873789263,0.9536133427279091,1
16300,Ugam,DD2_T2,T+3,OS_xgb,6.349628925323486,28.70171281305481,33.890682223003566,0.22122822309180773,0.18735618491071937,1
16300,Ugam,DD2_T2,T+3,OS_ens,3.398125563364085,28.70171281305481,33.890682223003566,0.11839452180075005,0.10026725165944227,1
16300,Ugam,DD2_T2,T+3,AR_xgb,26.865551185384817,28.70171281305481,33.890682223003566,0.9360260608964485,0.792712020625823,1
16300,Ugam,DD2_T2,T+3,AR_ens,16.031193449844714,28.70171281305481,33.890682223003566,0.5585448350856962,0.47302657834852957,1
16300,Ugam,DD2_T2,T+3,NQ_xgb,31.181461334228516,28.70171281305481,33.890682223003566,1.0863972313194425,0.9200600073215361,1
16300,Ugam,DD4_T0,T+1,OS_xgb,1.426088809967041,13.16907019513156,13.47895251943434,0.10829077443100335,0.10580115983870893,1
16300,Ugam,DD4_T0,T+1,OS_ens,0.7538707221859009,13.16907019513156,13.47895251943434,0.057245554243047274,0.05592947382958345,1
16300,Ugam,DD4_T0,T+1,AR_xgb,4.86502639769566,13.16907019513156,13.47895251943434,0.3694282379551898,0.36093504971407275,1
16300,Ugam,DD4_T0,T+1,AR_ens,2.5070556572753366,13.16907019513156,13.47895251943434,0.19037453822686462,0.18599781056136164,1
16300,Ugam,DD4_T0,T+1,NQ_xgb,-1.4980733394622803,13.16907019513156,13.47895251943434,-0.11375695605420184,-0.11114167345736363,0
16300,Ugam,DD4_T0,T+2,OS_xgb,2.225172519683838,22.57954897259342,25.555457901892037,0.09854813851174375,0.08707230088485693,1
16300,Ugam,DD4_T0,T+2,OS_ens,1.176656524830011,22.57954897259342,25.555457901892037,0.05211160445490792,0.04604325734828236,1
16300,Ugam,DD4_T0,T+2,AR_xgb,10.06170230213652,22.57954897259342,25.555457901892037,0.4456113058037254,0.3937202902316842,1
16300,Ugam,DD4_T0,T+2,AR_ens,4.471203924767453,22.57954897259342,25.555457901892037,0.19802007250873369,0.17496082214345376,1
16300,Ugam,DD4_T0,T+2,NQ_xgb,1.6734421253204346,22.57954897259342,25.555457901892037,0.0741131776968452,0.06548276817205997,1
16300,Ugam,DD4_T0,T+3,OS_xgb,1.7670154571533203,28.70171281305481,33.890682223003566,0.06156480864617959,0.052138680641664534,1
16300,Ugam,DD4_T0,T+3,OS_ens,0.9362534836571124,28.70171281305481,33.890682223003566,0.03262012583553072,0.027625690078956953,1
16300,Ugam,DD4_T0,T+3,AR_xgb,14.774284018653926,28.70171281305481,33.890682223003566,0.5147526948961013,0.43593941017291665,1
16300,Ugam,DD4_T0,T+3,AR_ens,7.224180838565286,28.70171281305481,33.890682223003566,0.25169859672205375,0.2131612692547634,1
16300,Ugam,DD4_T0,T+3,NQ_xgb,2.6453137397766113,28.70171281305481,33.890682223003566,0.09216571000506302,0.0780543077407006,1
16300,Ugam,DD4_T1,T+1,OS_xgb,1.4371395111083984,13.16907019513156,13.47895251943434,0.10912991500642853,0.10662100849723222,1
16300,Ugam,DD4_T1,T+1,OS_ens,0.7612834704102456,13.16907019513156,13.47895251943434,0.057808445025350576,0.05647942370244314,1
16300,Ugam,DD4_T1,T+1,AR_xgb,5.6053151828213466,13.16907019513156,13.47895251943434,0.42564244094420284,0.41585688314722097,1
16300,Ugam,DD4_T1,T+1,AR_ens,2.825571463371901,13.16907019513156,13.47895251943434,0.21456119691855535,0.20962841580589522,1
16300,Ugam,DD4_T1,T+1,NQ_xgb,-1.462167501449585,13.16907019513156,13.47895251943434,-0.11103042810039314,-0.10847782862513908,0
16300,Ugam,DD4_T1,T+2,OS_xgb,2.47153639793396,22.57954897259342,25.555457901892037,0.10945906851079526,0.0967126633935593,1
16300,Ugam,DD4_T1,T+2,OS_ens,1.3076038404821855,22.57954897259342,25.555457901892037,0.05791098139601138,0.05116730232352342,1
16300,Ugam,DD4_T1,T+2,AR_xgb,10.462831658020244,22.57954897259342,25.555457901892037,0.46337646826868895,0.4094167163111412,1
16300,Ugam,DD4_T1,T+2,AR_ens,4.393839054705806,22.57954897259342,25.555457901892037,0.19459374764478043,0.17193348957290652,1
16300,Ugam,DD4_T1,T+2,NQ_xgb,3.858238458633423,22.57954897259342,25.555457901892037,0.1708731411471713,0.1509751252920329,1
16300,Ugam,DD4_T1,T+3,OS_xgb,2.1900832653045654,28.70171281305481,33.890682223003566,0.07630496756654949,0.06462198815868124,1
16300,Ugam,DD4_T1,T+3,OS_ens,1.1598748495571853,28.70171281305481,33.890682223003566,0.04041134607930516,0.0342240041650714,1
16300,Ugam,DD4_T1,T+3,AR_xgb,12.902846808539994,28.70171281305481,33.890682223003566,0.4495497147707229,0.380719594950558,1
16300,Ugam,DD4_T1,T+3,AR_ens,6.616909328553966,28.70171281305481,33.890682223003566,0.2305405733676041,0.19524273028834713,1
16300,Ugam,DD4_T1,T+3,NQ_xgb,3.710448741912842,28.70171281305481,33.890682223003566,0.12927621309851464,0.10948285778072492,1
16300,Ugam,DD4_T2,T+1,OS_xgb,1.4218270778656006,13.16907019513156,13.47895251943434,0.1079671576502973,0.10548498303674336,1
16300,Ugam,DD4_T2,T+1,OS_ens,0.7524243409398723,13.16907019513156,13.47895251943434,0.057135722552229554,0.05582216717916361,1
16300,Ugam,DD4_T2,T+1,AR_xgb,4.395405045551204,13.16907019513156,13.47895251943434,0.33376730326611287,0.3260939631038675,1
16300,Ugam,DD4_T2,T+1,AR_ens,3.395012290061772,13.16907019513156,13.47895251943434,0.2578019738490623,0.251875083406277,1
16300,Ugam,DD4_T2,T+1,NQ_xgb,-1.043689250946045,13.16907019513156,13.47895251943434,-0.07925307067858775,-0.07743103549339043,0
16300,Ugam,DD4_T2,T+2,OS_xgb,3.3487260341644287,22.57954897259342,25.555457901892037,0.14830792405238216,0.1310376064095686,1
16300,Ugam,DD4_T2,T+2,OS_ens,1.7709536976235785,22.57954897259342,25.555457901892037,0.07843175697500089,0.0692984529732282,1
16300,Ugam,DD4_T2,T+2,AR_xgb,12.932585092430227,22.57954897259342,25.555457901892037,0.5727565731329498,0.5060596113002046,1
16300,Ugam,DD4_T2,T+2,AR_ens,3.9802697223024097,22.57954897259342,25.555457901892037,0.17627764518828862,0.15575027994343724,1
16300,Ugam,DD4_T2,T+2,NQ_xgb,5.684107780456543,22.57954897259342,25.555457901892037,0.25173699383259573,0.2224224587279147,1
16300,Ugam,DD4_T2,T+3,OS_xgb,2.619260549545288,28.70171281305481,33.890682223003566,0.09125798751473578,0.07728556575846811,1
16300,Ugam,DD4_T2,T+3,OS_ens,1.3878271144706078,28.70171281305481,33.890682223003566,0.048353459722423345,0.040950108508839914,1
16300,Ugam,DD4_T2,T+3,AR_xgb,18.72297317935443,28.70171281305481,33.890682223003566,0.6523294725058496,0.5524519411015594,1
16300,Ugam,DD4_T2,T+3,AR_ens,7.535693154776424,28.70171281305481,33.890682223003566,0.2625520366627338,0.2223529495567815,1
16300,Ugam,DD4_T2,T+3,NQ_xgb,5.023193359375,28.70171281305481,33.890682223003566,0.17501371406274502,0.14821753443385888,1
16300,Ugam,DD6_T0,T+1,OS_xgb,0.7735550403594971,13.16907019513156,13.47895251943434,0.05874029289064543,0.057389848301948036,1
16300,Ugam,DD6_T0,T+1,OS_ens,0.411686534556055,13.16907019513156,13.47895251943434,0.03126162503927197,0.030542917482829137,1
16300,Ugam,DD6_T0,T+1,AR_xgb,3.1342537954798577,13.16907019513156,13.47895251943434,0.23800114579376697,0.23252947815943417,1
16300,Ugam,DD6_T0,T+1,AR_ens,2.9238860858376348,13.16907019513156,13.47895251943434,0.22202676745686714,0.2169223522096314,1
16300,Ugam,DD6_T0,T+1,NQ_xgb,-3.932809829711914,13.16907019513156,13.47895251943434,-0.2986399017878897,-0.29177414372826643,0
16300,Ugam,DD6_T0,T+2,OS_xgb,1.910567283630371,22.57954897259342,25.555457901892037,0.08461494452122924,0.0747616141712303,1
16300,Ugam,DD6_T0,T+2,OS_ens,1.0113976223886434,22.57954897259342,25.555457901892037,0.04479264061546386,0.03957657993339118,1
16300,Ugam,DD6_T0,T+2,AR_xgb,10.03739238529966,22.57954897259342,25.555457901892037,0.444534671506629,0.3927690289813405,1
16300,Ugam,DD6_T0,T+2,AR_ens,4.410148353209742,22.57954897259342,25.555457901892037,0.19531605164313454,0.17257168195304495,1
16300,Ugam,DD6_T0,T+2,NQ_xgb,1.2310385704040527,22.57954897259342,25.555457901892037,0.054520069107592065,0.04817125856754501,1
16300,Ugam,DD6_T0,T+3,OS_xgb,0.5839228630065918,28.70171281305481,33.890682223003566,0.02034453019615602,0.01722959895479028,1
16300,Ugam,DD6_T0,T+3,OS_ens,0.3145955371388953,28.70171281305481,33.890682223003566,0.010960862830311762,0.009282655777444372,1
16300,Ugam,DD6_T0,T+3,AR_xgb,11.979163426546013,28.70171281305481,33.890682223003566,0.4173675454343393,0.3534648062769023,1
16300,Ugam,DD6_T0,T+3,AR_ens,9.693510475509925,28.70171281305481,33.890682223003566,0.33773282238058233,0.28602287825679645,1
16300,Ugam,DD6_T0,T+3,NQ_xgb,1.8989980220794678,28.70171281305481,33.890682223003566,0.06616322985489978,0.05603304204925411,1
16300,Ugam,DD6_T1,T+1,OS_xgb,0.9325027465820312,13.16907019513156,13.47895251943434,0.07081006728377572,0.06918213750196998,1
16300,Ugam,DD6_T1,T+1,OS_ens,0.4952195828943351,13.16907019513156,13.47895251943434,0.03760474927663546,0.03674021272649439,1
16300,Ugam,DD6_T1,T+1,AR_xgb,3.3934775038249154,13.16907019513156,13.47895251943434,0.2576854290805923,0.2517612180124607,1
16300,Ugam,DD6_T1,T+1,AR_ens,2.509900000533394,13.16907019513156,13.47895251943434,0.19059052486949854,0.1862088316517584,1
16300,Ugam,DD6_T1,T+1,NQ_xgb,-3.5101115703582764,13.16907019513156,13.47895251943434,-0.266542095861553,-0.26041426923177424,0
16300,Ugam,DD6_T1,T+2,OS_xgb,1.5835225582122803,22.57954897259342,25.555457901892037,0.07013083211424313,0.06196416297025309,1
16300,Ugam,DD6_T1,T+2,OS_ens,0.8395239709480418,22.57954897259342,25.555457901892037,0.037180723670213175,0.032851063525098735,1
16300,Ugam,DD6_T1,T+2,AR_xgb,10.37371992888283,22.57954897259342,25.555457901892037,0.45942990010448087,0.4059297222811568,1
16300,Ugam,DD6_T1,T+2,AR_ens,5.020314650058499,22.57954897259342,25.555457901892037,0.22233901377534382,0.19644784567475165,1
16300,Ugam,DD6_T1,T+2,NQ_xgb,0.8280754089355469,22.57954897259342,25.555457901892037,0.036673691309806376,0.03240307460404531,1
16300,Ugam,DD6_T1,T+3,OS_xgb,1.0319292545318604,28.70171281305481,33.890682223003566,0.03595357744860764,0.030448760156012153,1
16300,Ugam,DD6_T1,T+3,OS_ens,0.5500642767143127,28.70171281305481,33.890682223003566,0.019164858916159145,0.01623054599771238,1
16300,Ugam,DD6_T1,T+3,AR_xgb,14.806551414464431,28.70171281305481,33.890682223003566,0.5158769273076189,0.43689151245277585,1
16300,Ugam,DD6_T1,T+3,AR_ens,9.693021735786079,28.70171281305481,33.890682223003566,0.3377157941381555,0.2860084571920144,1
16300,Ugam,DD6_T1,T+3,NQ_xgb,1.2381315231323242,28.70171281305481,33.890682223003566,0.0431378967240299,0.03653309529106891,1
16300,Ugam,DD6_T2,T+1,OS_xgb,1.102203130722046,13.16907019513156,13.47895251943434,0.08369635170822588,0.08177216509464351,1
16300,Ugam,DD6_T2,T+1,OS_ens,0.5836589725242924,13.16907019513156,13.47895251943434,0.0443204390193063,0.04330150816116877,1
16300,Ugam,DD6_T2,T+1,AR_xgb,3.6031032225936843,13.16907019513156,13.47895251943434,0.2736034639655658,0.2673132958513376,1
16300,Ugam,DD6_T2,T+1,AR_ens,2.660735225698596,13.16907019513156,13.47895251943434,0.20204427391405633,0.1973992579810836,1
16300,Ugam,DD6_T2,T+1,NQ_xgb,-2.152341604232788,13.16907019513156,13.47895251943434,-0.1634391473612527,-0.15968166674149792,0
16300,Ugam,DD6_T2,T+2,OS_xgb,2.0806491374969482,22.57954897259342,25.555457901892037,0.09214750657873619,0.08141701649348668,1
16300,Ugam,DD6_T2,T+2,OS_ens,1.1019357220899195,22.57954897259342,25.555457901892037,0.04880237968559185,0.043119388676981445,1
16300,Ugam,DD6_T2,T+2,AR_xgb,11.227915146764978,22.57954897259342,25.555457901892037,0.497260381967469,0.43935488027133734,1
16300,Ugam,DD6_T2,T+2,AR_ens,4.689810178647291,22.57954897259342,25.555457901892037,0.20770167660743283,0.18351501259150102,1
16300,Ugam,DD6_T2,T+2,NQ_xgb,2.5104165077209473,22.57954897259342,25.555457901892037,0.11118098553554093,0.09823406480754487,1
16300,Ugam,DD6_T2,T+3,OS_xgb,1.7985403537750244,28.70171281305481,33.890682223003566,0.06266317154971213,0.05306887426875848,1
16300,Ugam,DD6_T2,T+3,OS_ens,0.953883547631873,28.70171281305481,33.890682223003566,0.03323437712044852,0.028145893946756168,1
16300,Ugam,DD6_T2,T+3,AR_xgb,18.079889472435017,28.70171281305481,33.890682223003566,0.6299237118772745,0.5334767047021305,1
16300,Ugam,DD6_T2,T+3,AR_ens,9.151665430598632,28.70171281305481,33.890682223003566,0.318854330757433,0.2700348541342395,1
16300,Ugam,DD6_T2,T+3,NQ_xgb,2.3923158645629883,28.70171281305481,33.890682223003566,0.08335097909121497,0.07058919170825027,1
16300,Ugam,empirical,T+1,OS_xgb,0.40380358695983887,13.16907019513156,13.47895251943434,0.030663029430059534,0.02995808364022525,1
16300,Ugam,empirical,T+1,OS_ens,0.2303472576477006,13.16907019513156,13.47895251943434,0.017491535410970555,0.017089403447009648,1
16300,Ugam,empirical,T+1,AR_xgb,7.099617174700623,13.16907019513156,13.47895251943434,0.5391130178139124,0.5267187613031644,1
16300,Ugam,empirical,T+1,AR_ens,4.660996983140919,13.16907019513156,13.47895251943434,0.3539351612586917,0.3457981602368997,1
16300,Ugam,empirical,T+1,NQ_xgb,2.1081149578094482,13.16907019513156,13.47895251943434,0.16008077461602352,0.156400503286135,1
16300,Ugam,empirical,T+2,OS_xgb,0.9335577487945557,22.57954897259342,25.555457901892037,0.041345278859541805,0.0365306601970704,1
16300,Ugam,empirical,T+2,OS_ens,0.5258387814266685,22.57954897259342,25.555457901892037,0.02328827657562693,0.02057637876986494,1
16300,Ugam,empirical,T+2,AR_xgb,13.91195197236248,22.57954897259342,25.555457901892037,0.6161306405742876,0.5443828095654075,1
16300,Ugam,empirical,T+2,AR_ens,6.674193084111568,22.57954897259342,25.555457901892037,0.29558575736887227,0.2611650751762673,1
16300,Ugam,empirical,T+2,NQ_xgb,12.751900672912598,22.57954897259342,25.555457901892037,0.564754446087058,0.49898932438884186,1
16300,Ugam,empirical,T+3,OS_xgb,2.8606653213500977,28.70171281305481,33.890682223003566,0.09966880164897128,0.08440860831678386,1
16300,Ugam,empirical,T+3,OS_ens,1.5592035297722684,28.70171281305481,33.890682223003566,0.054324407045947216,0.04600684989203158,1
16300,Ugam,empirical,T+3,AR_xgb,23.967324784188506,28.70171281305481,33.890682223003566,0.8350485889220906,0.7071951112250109,1
16300,Ugam,empirical,T+3,AR_ens,13.55546610108609,28.70171281305481,33.890682223003566,0.472287705942081,0.39997619439732646,1
16300,Ugam,empirical,T+3,NQ_xgb,23.316574096679688,28.70171281305481,33.890682223003566,0.8123757020547664,0.6879936480255738,1
16936,Naryn,DD2_T0,T+1,OS_xgb,7.206261157989502,28.90232758602825,10.406974787517498,0.24933151617425786,0.6924453364327309,1
16936,Naryn,DD2_T0,T+1,OS_ens,3.884027714391558,28.90232758602825,10.406974787517498,0.13438459940053915,0.373213906413053,1
16936,Naryn,DD2_T0,T+1,AR_xgb,10.280190812496524,28.90232758602825,10.406974787517498,0.3556872982598847,0.9878174034616627,1
16936,Naryn,DD2_T0,T+1,AR_ens,6.33327348608359,28.90232758602825,10.406974787517498,0.21912676296511063,0.6085604717405434,1
16936,Naryn,DD2_T0,T+1,NQ_xgb,5.427670478820801,28.90232758602825,10.406974787517498,0.18779354232510345,0.5215416189276201,1
16936,Naryn,DD2_T0,T+2,OS_xgb,11.905694007873535,53.4811445509099,19.17768171809907,0.22261479457568897,0.6208098654926291,1
16936,Naryn,DD2_T0,T+2,OS_ens,6.407482837221822,53.4811445509099,19.17768171809907,0.11980825935993938,0.3341114390888402,1
16936,Naryn,DD2_T0,T+2,AR_xgb,17.468273653503708,53.4811445509099,19.17768171809907,0.32662490304176767,0.9108647181800866,1
16936,Naryn,DD2_T0,T+2,AR_ens,10.247658893064315,53.4811445509099,19.17768171809907,0.19161255764280322,0.534353371992456,1
16936,Naryn,DD2_T0,T+2,NQ_xgb,8.103919982910156,53.4811445509099,19.17768171809907,0.15152854433015833,0.42257036601363684,1
16936,Naryn,DD2_T0,T+3,OS_xgb,15.942461013793945,73.05797556463199,28.80747747785936,0.2182165723944838,0.553413988643986,1
16936,Naryn,DD2_T0,T+3,OS_ens,8.579151180793577,73.05797556463199,28.80747747785936,0.11742935818422567,0.2978098720162943,1
16936,Naryn,DD2_T0,T+3,AR_xgb,21.209686150356333,73.05797556463199,28.80747747785936,0.29031308336203243,0.7362562781367274,1
16936,Naryn,DD2_T0,T+3,AR_ens,13.534817704183165,73.05797556463199,28.80747747785936,0.1852613297806118,0.4698369621076908,1
16936,Naryn,DD2_T0,T+3,NQ_xgb,11.566865921020508,73.05797556463199,28.80747747785936,0.15832447904045305,0.401523039631307,1
16936,Naryn,DD2_T1,T+1,OS_xgb,8.649438858032227,28.90232758602825,10.406974787517498,0.2992644392492968,0.8311194208336774,1
16936,Naryn,DD2_T1,T+1,OS_ens,4.662498767719758,28.90232758602825,10.406974787517498,0.1613191447589041,0.44801672560138495,1
16936,Naryn,DD2_T1,T+1,AR_xgb,11.148373750674711,28.90232758602825,10.406974787517498,0.38572581109571175,1.0712405841557793,1
16936,Naryn,DD2_T1,T+1,AR_ens,6.958997036772141,28.90232758602825,10.406974787517498,0.24077635325592975,0.6686858745078362,1
16936,Naryn,DD2_T1,T+1,NQ_xgb,6.530511379241943,28.90232758602825,10.406974787517498,0.22595105393514656,0.6275129432498361,1
16936,Naryn,DD2_T1,T+2,OS_xgb,13.289838790893555,53.4811445509099,19.17768171809907,0.24849578112978973,0.6929846363208321,1
16936,Naryn,DD2_T1,T+2,OS_ens,7.153896934183102,53.4811445509099,19.17768171809907,0.13376484355852084,0.3730324154577851,1
16936,Naryn,DD2_T1,T+2,AR_xgb,18.624510751349057,53.4811445509099,19.17768171809907,0.3482444309623921,0.9711554829785315,1
16936,Naryn,DD2_T1,T+2,AR_ens,12.221046234137845,53.4811445509099,19.17768171809907,0.22851130686824317,0.6372535749513534,1
16936,Naryn,DD2_T1,T+2,NQ_xgb,10.842120170593262,53.4811445509099,19.17768171809907,0.20272790086368483,0.5653509287496901,1
16936,Naryn,DD2_T1,T+3,OS_xgb,19.923866271972656,73.05797556463199,28.80747747785936,0.27271309009030326,0.6916213433573138,1
16936,Naryn,DD2_T1,T+3,OS_ens,10.710963915332316,73.05797556463199,28.80747747785936,0.14660909822031243,0.37181193402179935,1
16936,Naryn,DD2_T1,T+3,AR_xgb,27.09233245714897,73.05797556463199,28.80747747785936,0.37083333130660423,0.9404618116241311,1
16936,Naryn,DD2_T1,T+3,AR_ens,16.183226068933553,73.05797556463199,28.80747747785936,0.22151210656825257,0.5617717164361766,1
16936,Naryn,DD2_T1,T+3,NQ_xgb,18.191747665405273,73.05797556463199,28.80747747785936,0.24900426715645346,0.6314939473401291,1
16936,Naryn,DD2_T2,T+1,OS_xgb,10.482382774353027,28.90232758602825,10.406974787517498,0.3626829964871183,1.0072459084772625,1
16936,Naryn,DD2_T2,T+1,OS_ens,5.64591568164442,28.90232758602825,10.406974787517498,0.1953446712843199,0.5425126702926517,1
16936,Naryn,DD2_T2,T+1,AR_xgb,12.655379520273724,28.90232758602825,10.406974787517498,0.4378671400289399,1.2160478696895705,1
16936,Naryn,DD2_T2,T+1,AR_ens,7.705908387414806,28.90232758602825,10.406974787517498,0.2666189553238591,0.74045614068918,1
16936,Naryn,DD2_T2,T+1,NQ_xgb,8.161622047424316,28.90232758602825,10.406974787517498,0.28238632418552156,0.7842453944650333,1
16936,Naryn,DD2_T2,T+2,OS_xgb,15.517229080200195,53.4811445509099,19.17768171809907,0.2901439228816241,0.8091295552973801,1
16936,Naryn,DD2_T2,T+2,OS_ens,8.353540654572411,53.4811445509099,19.17768171809907,0.15619599626594544,0.4355865728383999,1
16936,Naryn,DD2_T2,T+2,AR_xgb,21.035091488249677,53.4811445509099,19.17768171809907,0.39331790044668735,1.0968526747629597,1
16936,Naryn,DD2_T2,T+2,AR_ens,12.754949336761388,53.4811445509099,19.17768171809907,0.23849432251061242,0.6650933895061892,1
16936,Naryn,DD2_T2,T+2,NQ_xgb,14.403242111206055,53.4811445509099,19.17768171809907,0.2693143954220218,0.7510418789364356,1
16936,Naryn,DD2_T2,T+3,OS_xgb,21.338951110839844,73.05797556463199,28.80747747785936,0.2920824310545257,0.7407434797871622,1
16936,Naryn,DD2_T2,T+3,OS_ens,11.474181182271458,73.05797556463199,28.80747747785936,0.1570558326259756,0.3983056548804108,1
16936,Naryn,DD2_T2,T+3,AR_xgb,30.25811812519831,73.05797556463199,28.80747747785936,0.4141658441990354,1.0503563926572144,1
16936,Naryn,DD2_T2,T+3,AR_ens,17.956230323066833,73.05797556463199,28.80747747785936,0.24578056241349786,0.6233183845016455,1
16936,Naryn,DD2_T2,T+3,NQ_xgb,20.697725296020508,73.05797556463199,28.80747747785936,0.28330548630806107,0.718484473759572,1
16936,Naryn,DD4_T0,T+1,OS_xgb,3.9106667041778564,28.90232758602825,10.406974787517498,0.13530628952072088,0.37577363105255635,1
16936,Naryn,DD4_T0,T+1,OS_ens,2.0914737918265813,28.90232758602825,10.406974787517498,0.07236350725045503,0.20096846917849465,1
16936,Naryn,DD4_T0,T+1,AR_xgb,5.5379038971432255,28.90232758602825,10.406974787517498,0.19160754028060764,0.5321338823445203,1
16936,Naryn,DD4_T0,T+1,AR_ens,1.0473264917679748,28.90232758602825,10.406974787517498,0.03623675251242622,0.10063697790679535,1
16936,Naryn,DD4_T0,T+1,NQ_xgb,-1.4209866523742676,28.90232758602825,10.406974787517498,-0.04916512859196816,-0.13654175986653205,0
16936,Naryn,DD4_T0,T+2,OS_xgb,7.667934894561768,53.4811445509099,19.17768171809907,0.14337641722051195,0.3998363831080323,1
16936,Naryn,DD4_T0,T+2,OS_ens,4.0965921882052285,53.4811445509099,19.17768171809907,0.07659881295744504,0.21361248186422038,1
16936,Naryn,DD4_T0,T+2,AR_xgb,7.398698558365835,53.4811445509099,19.17768171809907,0.13834218808318224,0.3857973381309828,1
16936,Naryn,DD4_T0,T+2,AR_ens,2.3159152062905752,53.4811445509099,19.17768171809907,0.04330339647248954,0.12076095746781083,1
16936,Naryn,DD4_T0,T+2,NQ_xgb,-1.1673450469970703,53.4811445509099,19.17768171809907,-0.02182722633929138,-0.06086997709923303,0
16936,Naryn,DD4_T0,T+3,OS_xgb,11.978876113891602,73.05797556463199,28.80747747785936,0.16396397547717817,0.41582523576034164,1
16936,Naryn,DD4_T0,T+3,OS_ens,6.404474011106043,73.05797556463199,28.80747747785936,0.08766290006818236,0.22231984789464285,1
16936,Naryn,DD4_T0,T+3,AR_xgb,13.550169803313416,73.05797556463199,28.80747747785936,0.18547146562151898,0.4703698827406081,1
16936,Naryn,DD4_T0,T+3,AR_ens,6.2056333030575885,73.05797556463199,28.80747747785936,0.08494121627511658,0.21541744874493327,1
16936,Naryn,DD4_T0,T+3,NQ_xgb,2.69162654876709,73.05797556463199,28.80747747785936,0.03684233689702908,0.09343499620318371,1
16936,Naryn,DD4_T1,T+1,OS_xgb,4.047572612762451,28.90232758602825,10.406974787517498,0.14004313668907065,0.38892883814970475,1
16936,Naryn,DD4_T1,T+1,OS_ens,2.1636338849644887,28.90232758602825,10.406974787517498,0.0748601952048463,0.20790228948758763,1
16936,Naryn,DD4_T1,T+1,AR_xgb,6.5011982968436355,28.90232758602825,10.406974787517498,0.22493684211047407,0.6246962666462311,1
16936,Naryn,DD4_T1,T+1,AR_ens,1.7351478553623512,28.90232758602825,10.406974787517498,0.06003488301063834,0.1667293224774168,1
16936,Naryn,DD4_T1,T+1,NQ_xgb,-1.2856125831604004,28.90232758602825,10.406974787517498,-0.044481281977506955,-0.12353374630083765,0
16936,Naryn,DD4_T1,T+2,OS_xgb,8.297514915466309,53.4811445509099,19.17768171809907,0.15514841698213316,0.43266516972358926,1
16936,Naryn,DD4_T1,T+2,OS_ens,4.433506795355823,53.4811445509099,19.17768171809907,0.0828985025018578,0.23118053894760757,1
16936,Naryn,DD4_T1,T+2,AR_xgb,8.639711187304266,53.4811445509099,19.17768171809907,0.16154686403691176,0.4505086336452481,1
16936,Naryn,DD4_T1,T+2,AR_ens,2.949517744152219,53.4811445509099,19.17768171809907,0.05515060997515689,0.1537994939903811,1
16936,Naryn,DD4_T1,T+2,NQ_xgb,0.3145933151245117,53.4811445509099,19.17768171809907,0.00588232203641497,0.01640413683722846,1
16936,Naryn,DD4_T1,T+3,OS_xgb,13.295614242553711,73.05797556463199,28.80747747785936,0.18198717032326633,0.4615334422381257,1
16936,Naryn,DD4_T1,T+3,OS_ens,7.108221070087395,73.05797556463199,28.80747747785936,0.09729562056915997,0.24674916696717297,1
16936,Naryn,DD4_T1,T+3,AR_xgb,13.873102374488955,73.05797556463199,28.80747747785936,0.18989168899452843,0.48157990872860845,1
16936,Naryn,DD4_T1,T+3,AR_ens,7.683892624151324,73.05797556463199,28.80747747785936,0.10517527435938376,0.26673257420948965,1
16936,Naryn,DD4_T1,T+3,NQ_xgb,4.956817626953125,73.05797556463199,28.80747747785936,0.06784772762513781,0.17206704859051958,1
16936,Naryn,DD4_T2,T+1,OS_xgb,5.157142639160156,28.90232758602825,10.406974787517498,0.17843347127700485,0.49554676017336174,1
16936,Naryn,DD4_T2,T+1,OS_ens,2.7542776027076776,28.90232758602825,10.406974787517498,0.09529604819921597,0.2646568920308386,1
16936,Naryn,DD4_T2,T+1,AR_xgb,7.217240811898861,28.90232758602825,10.406974787517498,0.24971140439871586,0.6935003648279691,1
16936,Naryn,DD4_T2,T+1,AR_ens,2.986394529218206,28.90232758602825,10.406974787517498,0.10332712894244084,0.2869608690510325,1
16936,Naryn,DD4_T2,T+1,NQ_xgb,-0.38645267486572266,28.90232758602825,10.406974787517498,-0.013370987984114426,-0.03713400702471654,0
16936,Naryn,DD4_T2,T+2,OS_xgb,9.557366371154785,53.4811445509099,19.17768171809907,0.1787053446856754,0.49835879600269695,1
16936,Naryn,DD4_T2,T+2,OS_ens,5.110450761346952,53.4811445509099,19.17768171809907,0.09555612177451062,0.2664790685583195,1
16936,Naryn,DD4_T2,T+2,AR_xgb,9.534136672352632,53.4811445509099,19.17768171809907,0.17827099162541057,0.49714750784265677,1
16936,Naryn,DD4_T2,T+2,AR_ens,5.4841563758052825,53.4811445509099,19.17768171809907,0.10254373614956559,0.2859655539402123,1
16936,Naryn,DD4_T2,T+2,NQ_xgb,2.0234222412109375,53.4811445509099,19.17768171809907,0.03783431073141669,0.10550922009000278,1
16936,Naryn,DD4_T2,T+3,OS_xgb,15.575581550598145,73.05797556463199,28.80747747785936,0.21319481453217848,0.5406784249877176,1
16936,Naryn,DD4_T2,T+3,OS_ens,8.326293986545807,73.05797556463199,28.80747747785936,0.11396830971835249,0.2890323872662981,1
16936,Naryn,DD4_T2,T+3,AR_xgb,17.675334114942288,73.05797556463199,28.80747747785936,0.24193572266871124,0.613567575589604,1
16936,Naryn,DD4_T2,T+3,AR_ens,9.645090743844431,73.05797556463199,28.80747747785936,0.13201968257814284,0.33481205535116304,1
16936,Naryn,DD4_T2,T+3,NQ_xgb,7.148313522338867,73.05797556463199,28.80747747785936,0.09784439641384518,0.24814090466035651,1
16936,Naryn,DD6_T0,T+1,OS_xgb,4.757946968078613,28.90232758602825,10.406974787517498,0.1646215846774453,0.45718828624294033,1
16936,Naryn,DD6_T0,T+1,OS_ens,2.538710436604763,28.90232758602825,10.406974787517498,0.08783757740784891,0.24394317161696058,1
16936,Naryn,DD6_T0,T+1,AR_xgb,5.111625894726812,28.90232758602825,10.406974787517498,0.17685862425827034,0.4911730833496282,1
16936,Naryn,DD6_T0,T+1,AR_ens,0.9227053086040993,28.90232758602825,10.406974787517498,0.03192494811560252,0.08866220274799026,1
16936,Naryn,DD6_T0,T+1,NQ_xgb,-2.2818684577941895,28.90232758602825,10.406974787517498,-0.0789510274216556,-0.21926337906873233,0
16936,Naryn,DD6_T0,T+2,OS_xgb,11.672151565551758,53.4811445509099,19.17768171809907,0.218247976245923,0.6086320409904438,1
16936,Naryn,DD6_T0,T+2,OS_ens,6.229753427631257,53.4811445509099,19.17768171809907,0.11648504309216896,0.32484392635173853,1
16936,Naryn,DD6_T0,T+2,AR_xgb,8.17160778444359,53.4811445509099,19.17768171809907,0.15279418294170674,0.42609987508195946,1
16936,Naryn,DD6_T0,T+2,AR_ens,3.0196962567448082,53.4811445509099,19.17768171809907,0.056462820347277565,0.157458878561685,1
16936,Naryn,DD6_T0,T+2,NQ_xgb,1.0597000122070312,53.4811445509099,19.17768171809907,0.01981446023837951,0.05525694021748896,1
16936,Naryn,DD6_T0,T+3,OS_xgb,13.539868354797363,73.05797556463199,28.80747747785936,0.18533046187160068,0.4700122864004228,1
16936,Naryn,DD6_T0,T+3,OS_ens,7.2350032651119385,73.05797556463199,28.80747747785936,0.09903098476512491,0.2511501838601649,1
16936,Naryn,DD6_T0,T+3,AR_xgb,12.99634585744458,73.05797556463199,28.80747747785936,0.17789085663819332,0.45114487609799275,1
16936,Naryn,DD6_T0,T+3,AR_ens,4.771212351669952,73.05797556463199,28.80747747785936,0.0653072072528073,0.16562409379082133,1
16936,Naryn,DD6_T0,T+3,NQ_xgb,4.175172805786133,73.05797556463199,28.80747747785936,0.05714876128879994,0.14493364818197138,1
16936,Naryn,DD6_T1,T+1,OS_xgb,4.955726623535156,28.90232758602825,10.406974787517498,0.17146462023808826,0.4761928153683272,1
16936,Naryn,DD6_T1,T+1,OS_ens,2.64217946402161,28.90232758602825,10.406974787517498,0.09141753224397307,0.25388544874642494,1
16936,Naryn,DD6_T1,T+1,AR_xgb,5.142774420054574,28.90232758602825,10.406974787517498,0.1779363411042596,0.49416612656955833,1
16936,Naryn,DD6_T1,T+1,AR_ens,1.109470181575145,28.90232758602825,10.406974787517498,0.0383868800280112,0.10660832799421055,1
16936,Naryn,DD6_T1,T+1,NQ_xgb,-1.927018165588379,28.90232758602825,10.406974787517498,-0.06667345942476702,-0.1851660261442849,0
16936,Naryn,DD6_T1,T+2,OS_xgb,11.924446105957031,53.4811445509099,19.17768171809907,0.22296542465739272,0.621787673882566,1
16936,Naryn,DD6_T1,T+2,OS_ens,6.363927878716613,53.4811445509099,19.17768171809907,0.1189938609608223,0.33184031168431644,1
16936,Naryn,DD6_T1,T+2,AR_xgb,8.411180980296294,53.4811445509099,19.17768171809907,0.15727376537892718,0.43859216687062774,1
16936,Naryn,DD6_T1,T+2,AR_ens,3.135553424295323,53.4811445509099,19.17768171809907,0.0586291383743764,0.1635001284506731,1
16936,Naryn,DD6_T1,T+2,NQ_xgb,1.72196626663208,53.4811445509099,19.17768171809907,0.032197633036684575,0.08979011602882962,1
16936,Naryn,DD6_T1,T+3,OS_xgb,15.061646461486816,73.05797556463199,28.80747747785936,0.2061601946273788,0.5228380885852566,1
16936,Naryn,DD6_T1,T+3,OS_ens,8.045948739611418,73.05797556463199,28.80747747785936,0.11013101139783749,0.27930070398546053,1
16936,Naryn,DD6_T1,T+3,AR_xgb,12.375697117800755,73.05797556463199,28.80747747785936,0.1693955659482021,0.4296001663912565,1
16936,Naryn,DD6_T1,T+3,AR_ens,6.030289414487999,73.05797556463199,28.80747747785936,0.08254115129638653,0.20933069961167947,1
16936,Naryn,DD6_T1,T+3,NQ_xgb,6.036102294921875,73.05797556463199,28.80747747785936,0.08262071660584044,0.20953248334780641,1
16936,Naryn,DD6_T2,T+1,OS_xgb,5.963551998138428,28.90232758602825,10.406974787517498,0.20633466216130233,0.5730341544875585,1
16936,Naryn,DD6_T2,T+1,OS_ens,3.1785300632953373,28.90232758602825,10.406974787517498,0.10997488191338191,0.30542305791955804,1
16936,Naryn,DD6_T2,T+1,AR_xgb,5.998752078003989,28.90232758602825,10.406974787517498,0.20755255991575783,0.5764165091664398,1
16936,Naryn,DD6_T2,T+1,AR_ens,1.3965824227615498,28.90232758602825,10.406974787517498,0.0483207595860437,0.13419677199916552,1
16936,Naryn,DD6_T2,T+1,NQ_xgb,-1.0451197624206543,28.90232758602825,10.406974787517498,-0.036160401244842245,-0.10042493460003465,0
16936,Naryn,DD6_T2,T+2,OS_xgb,12.054920196533203,53.4811445509099,19.17768171809907,0.22540505252384518,0.6285911078165558,1
16936,Naryn,DD6_T2,T+2,OS_ens,6.4371925610064,53.4811445509099,19.17768171809907,0.12036377708556129,0.3356606213216718,1
16936,Naryn,DD6_T2,T+2,AR_xgb,7.633892632579965,53.4811445509099,19.17768171809907,0.14273988892128311,0.39806128523738227,1
16936,Naryn,DD6_T2,T+2,AR_ens,4.853822411136698,53.4811445509099,19.17768171809907,0.09075763901268484,0.2530974537217327,1
16936,Naryn,DD6_T2,T+2,NQ_xgb,2.274203300476074,53.4811445509099,19.17768171809907,0.04252345980200945,0.11858593410327481,1
16936,Naryn,DD6_T2,T+3,OS_xgb,15.556561470031738,73.05797556463199,28.80747747785936,0.21293447224347684,0.5400181769468738,1
16936,Naryn,DD6_T2,T+3,OS_ens,8.313735929545818,73.05797556463199,28.80747747785936,0.11379641805419216,0.2885964568031174,1
16936,Naryn,DD6_T2,T+3,AR_xgb,13.19225702148239,73.05797556463199,28.80747747785936,0.18057244153736007,0.45794558137280844,1
16936,Naryn,DD6_T2,T+3,AR_ens,7.757266399267971,73.05797556463199,28.80747747785936,0.1061795969477059,0.2692796134347408,1
16936,Naryn,DD6_T2,T+3,NQ_xgb,7.838964462280273,73.05797556463199,28.80747747785936,0.10729786038685672,0.272115615409405,1
16936,Naryn,empirical,T+1,OS_xgb,9.499948501586914,28.90232758602825,10.406974787517498,0.3286914686476431,0.9128443851888155,1
16936,Naryn,empirical,T+1,OS_ens,5.086511691960083,28.90232758602825,10.406974787517498,0.1759896906856376,0.4887598745853626,1
16936,Naryn,empirical,T+1,AR_xgb,9.457301304700927,28.90232758602825,10.406974787517498,0.32721590593529587,0.9087464414773404,1
16936,Naryn,empirical,T+1,AR_ens,3.181042488948771,28.90232758602825,10.406974787517498,0.11006181005596681,0.3056644754020379,1
16936,Naryn,empirical,T+1,NQ_xgb,2.3910999298095703,28.90232758602825,10.406974787517498,0.0827303587467972,0.22975936606260852,1
16936,Naryn,empirical,T+2,OS_xgb,18.15304183959961,53.4811445509099,19.17768171809907,0.33942882098043586,0.9465712335014691,1
16936,Naryn,empirical,T+2,OS_ens,9.727338275652764,53.4811445509099,19.17768171809907,0.18188350973665293,0.5072218018131213,1
16936,Naryn,empirical,T+2,AR_xgb,18.631165529246854,53.4811445509099,19.17768171809907,0.34836886318899607,0.9715024893579062,1
16936,Naryn,empirical,T+2,AR_ens,9.945307382530434,53.4811445509099,19.17768171809907,0.18595913505671652,0.518587571152799,1
16936,Naryn,empirical,T+2,NQ_xgb,10.231172561645508,53.4811445509099,19.17768171809907,0.19130429327117757,0.5334937096171415,1
16936,Naryn,empirical,T+3,OS_xgb,27.543289184570312,73.05797556463199,28.80747747785936,0.3770059185420991,0.956115966965151,1
16936,Naryn,empirical,T+3,OS_ens,14.767055558866904,73.05797556463199,28.80747747785936,0.20212790519774224,0.5126118928745655,1
16936,Naryn,empirical,T+3,AR_xgb,31.466057489912977,73.05797556463199,28.80747747785936,0.43069982772895193,1.0922878448519808,1
16936,Naryn,empirical,T+3,AR_ens,18.030540929402594,73.05797556463199,28.80747747785936,0.24679770812225105,0.625897944145244,1
16936,Naryn,empirical,T+3,NQ_xgb,23.39669418334961,73.05797556463199,28.80747747785936,0.3202483233695864,0.8121743460992608,1
17202,Karatag,DD2_T0,T+1,OS_xgb,1.2439608573913574,27.841876622593265,11.441509050249444,0.04467949033226812,0.10872349546970267,1
17202,Karatag,DD2_T0,T+1,OS_ens,0.7149627310417461,27.841876622593265,11.441509050249444,0.025679401598294727,0.06248849936679977,1
17202,Karatag,DD2_T0,T+1,AR_xgb,2.5096150649144056,27.841876622593265,11.441509050249444,0.09013814330596849,0.21934301269985815,1
17202,Karatag,DD2_T0,T+1,AR_ens,1.1242384389308135,27.841876622593265,11.441509050249444,0.04037940596355171,0.09825962938921097,1
17202,Karatag,DD2_T0,T+1,NQ_xgb,3.51942777633667,27.841876622593265,11.441509050249444,0.1264077067808248,0.30760171240348233,1
17202,Karatag,DD2_T0,T+2,OS_xgb,-1.3904035091400146,50.59749931868775,22.193142596832654,-0.027479688282272104,-0.06265014082946727,0
17202,Karatag,DD2_T0,T+2,OS_ens,-0.7908352802667329,50.59749931868775,22.193142596832654,-0.0156299281766015,-0.035634217948908184,0
17202,Karatag,DD2_T0,T+2,AR_xgb,0.07378539461264655,50.59749931868775,22.193142596832654,0.0014582814488105452,0.0033246933953002674,1
17202,Karatag,DD2_T0,T+2,AR_ens,1.9765729081679284,50.59749931868775,22.193142596832654,0.039064636291973785,0.0890623263264221,1
17202,Karatag,DD2_T0,T+2,NQ_xgb,1.7560839653015137,50.59749931868775,22.193142596832654,0.0347069319422456,0.07912732311971614,1
17202,Karatag,DD2_T0,T+3,OS_xgb,-4.847365379333496,67.94975470422901,33.45312027195058,-0.07133749636673536,-0.14490024667139537,0
17202,Karatag,DD2_T0,T+3,OS_ens,-2.776619549111281,67.94975470422901,33.45312027195058,-0.04086283403372568,-0.08300031586110046,0
17202,Karatag,DD2_T0,T+3,AR_xgb,2.8255581693401144,67.94975470422901,33.45312027195058,0.04158305179524451,0.08446321737315662,1
17202,Karatag,DD2_T0,T+3,AR_ens,4.0833585899011755,67.94975470422901,33.45312027195058,0.06009379441728931,0.12206211428728658,1
17202,Karatag,DD2_T0,T+3,NQ_xgb,-0.18938779830932617,67.94975470422901,33.45312027195058,-0.002787174127908061,-0.005661289493169403,0
17202,Karatag,DD2_T1,T+1,OS_xgb,1.399397850036621,27.841876622593265,11.441509050249444,0.05026233931735157,0.12230885313210603,1
17202,Karatag,DD2_T1,T+1,OS_ens,0.8039525317673935,27.841876622593265,11.441509050249444,0.02887565887405011,0.0702663021316988,1
17202,Karatag,DD2_T1,T+1,AR_xgb,4.906044321650116,27.841876622593265,11.441509050249444,0.17621097845354772,0.42879346597581514,1
17202,Karatag,DD2_T1,T+1,AR_ens,1.7992528060794877,27.841876622593265,11.441509050249444,0.06462397741607047,0.15725659947279952,1
17202,Karatag,DD2_T1,T+1,NQ_xgb,5.135899543762207,27.841876622593265,11.441509050249444,0.18446671585328778,0.448883055653418,1
17202,Karatag,DD2_T1,T+2,OS_xgb,0.6182312965393066,50.59749931868775,22.193142596832654,0.012218613663995213,0.027856861363452824,1
17202,Karatag,DD2_T1,T+2,OS_ens,0.3590914614598928,50.59749931868775,22.193142596832654,0.007097019937648686,0.016180289019146903,1
17202,Karatag,DD2_T1,T+2,AR_xgb,4.725210626801557,50.59749931868775,22.193142596832654,0.09338822452548244,0.21291309268998823,1
17202,Karatag,DD2_T1,T+2,AR_ens,4.19246169397991,50.59749931868775,22.193142596832654,0.08285906913252253,0.1889079780246285,1
17202,Karatag,DD2_T1,T+2,NQ_xgb,6.36545467376709,50.59749931868775,22.193142596832654,0.12580571687296932,0.2868207891691531,1
17202,Karatag,DD2_T1,T+3,OS_xgb,-3.159719705581665,67.94975470422901,33.45312027195058,-0.04650082578421748,-0.09445216708920852,0
17202,Karatag,DD2_T1,T+3,OS_ens,-1.8124715594434404,67.94975470422901,33.45312027195058,-0.026673702757761937,-0.05417944708025166,0
17202,Karatag,DD2_T1,T+3,AR_xgb,4.974906368485188,67.94975470422901,33.45312027195058,0.07321448605870483,0.14871277561084473,1
17202,Karatag,DD2_T1,T+3,AR_ens,6.161724457164119,67.94975470422901,33.45312027195058,0.09068059898059691,0.18418982764757333,1
17202,Karatag,DD2_T1,T+3,NQ_xgb,4.916757583618164,67.94975470422901,33.45312027195058,0.07235872454609697,0.14697455853589583,1
17202,Karatag,DD2_T2,T+1,OS_xgb,2.4165749549865723,27.841876622593265,11.441509050249444,0.08679641059200578,0.2112112086240833,1
17202,Karatag,DD2_T2,T+1,OS_ens,1.3858555812610085,27.841876622593265,11.441509050249444,0.04977594003618303,0.12112524450879096,1
17202,Karatag,DD2_T2,T+1,AR_xgb,6.1490474257259065,27.841876622593265,11.441509050249444,0.22085606904586477,0.5374332527921085,1
17202,Karatag,DD2_T2,T+1,AR_ens,3.496787478969343,27.841876622593265,11.441509050249444,0.1255945325227019,0.3056229264524427,1
17202,Karatag,DD2_T2,T+1,NQ_xgb,4.919314384460449,27.841876622593265,11.441509050249444,0.17668760088062813,0.4299532835096783,1
17202,Karatag,DD2_T2,T+2,OS_xgb,3.140389919281006,50.59749931868775,22.193142596832654,0.062066109226096275,0.1415027144343764,1
17202,Karatag,DD2_T2,T+2,OS_ens,1.8038586974862492,50.59749931868775,22.193142596832654,0.03565114327339908,0.08128000302866936,1
17202,Karatag,DD2_T2,T+2,AR_xgb,8.020331591025952,50.59749931868775,22.193142596832654,0.15851241067290675,0.36138782761530097,1
17202,Karatag,DD2_T2,T+2,AR_ens,5.216610311869241,50.59749931868775,22.193142596832654,0.10310016072162939,0.2350550531141877,1
17202,Karatag,DD2_T2,T+2,NQ_xgb,8.956300735473633,50.59749931868775,22.193142596832654,0.1770107387928893,0.4035616270384282,1
17202,Karatag,DD2_T2,T+3,OS_xgb,0.3195464611053467,67.94975470422901,33.45312027195058,0.004702687485720372,0.00955206744565698,1
17202,Karatag,DD2_T2,T+3,OS_ens,0.17999984015942827,67.94975470422901,33.45312027195058,0.0026490138329848243,0.005380659223897647,1
17202,Karatag,DD2_T2,T+3,AR_xgb,8.883102972549327,67.94975470422901,33.45312027195058,0.1307304641674662,0.2655388466108956,1
17202,Karatag,DD2_T2,T+3,AR_ens,9.180833351262574,67.94975470422901,33.45312027195058,0.13511208967898133,0.2744387751166047,1
17202,Karatag,DD2_T2,T+3,NQ_xgb,9.864974975585938,67.94975470422901,33.45312027195058,0.14518043543388934,0.29488953184009614,1
17202,Karatag,DD4_T0,T+1,OS_xgb,-4.9288153648376465,27.841876622593265,11.441509050249444,-0.1770288487248732,-0.4307836792499142,0
17202,Karatag,DD4_T0,T+1,OS_ens,-2.819865055992732,27.841876622593265,11.441509050249444,-0.10128142920166716,-0.24645919027012037,0
17202,Karatag,DD4_T0,T+1,AR_xgb,-4.967595917192136,27.841876622593265,11.441509050249444,-0.1784217344444737,-0.4341731405687114,0
17202,Karatag,DD4_T0,T+1,AR_ens,-1.656605707671599,27.841876622593265,11.441509050249444,-0.05950050458622061,-0.1447890921028011,0
17202,Karatag,DD4_T0,T+1,NQ_xgb,-8.799898147583008,27.841876622593265,11.441509050249444,-0.3160669902704052,-0.769120411384122,0
17202,Karatag,DD4_T0,T+2,OS_xgb,-6.86740255355835,50.59749931868775,22.193142596832654,-0.13572612571827108,-0.30943804031333744,0
17202,Karatag,DD4_T0,T+2,OS_ens,-3.9260717092423514,50.59749931868775,22.193142596832654,-0.0775941847345861,-0.17690472145223227,0
17202,Karatag,DD4_T0,T+2,AR_xgb,-6.689663168758808,50.59749931868775,22.193142596832654,-0.1322133160499503,-0.30142928787892975,0
17202,Karatag,DD4_T0,T+2,AR_ens,-3.738747962681477,50.59749931868775,22.193142596832654,-0.07389195144078202,-0.16846410761200897,0
17202,Karatag,DD4_T0,T+2,NQ_xgb,-12.619709968566895,50.59749931868775,22.193142596832654,-0.2494137089479818,-0.5686310495913249,0
17202,Karatag,DD4_T0,T+3,OS_xgb,-9.396618843078613,67.94975470422901,33.45312027195058,-0.138287752236636,-0.2808891597163626,0
17202,Karatag,DD4_T0,T+3,OS_ens,-5.371809943176842,67.94975470422901,33.45312027195058,-0.07905561935520151,-0.1605772465918804,0
17202,Karatag,DD4_T0,T+3,AR_xgb,-7.692156023824614,67.94975470422901,33.45312027195058,-0.11320358781730636,-0.2299383723040703,0
17202,Karatag,DD4_T0,T+3,AR_ens,-4.9008430821764755,67.94975470422901,33.45312027195058,-0.07212451470220628,-0.1464988330635837,0
17202,Karatag,DD4_T0,T+3,NQ_xgb,-13.532812118530273,67.94975470422901,33.45312027195058,-0.19915910186042257,-0.4045306389514022,0
17202,Karatag,DD4_T1,T+1,OS_xgb,-3.4266293048858643,27.841876622593265,11.441509050249444,-0.1230746530248326,-0.2994910277863354,0
17202,Karatag,DD4_T1,T+1,OS_ens,-1.9601004957899848,27.841876622593265,11.441509050249444,-0.0704011630523279,-0.17131485778506214,0
17202,Karatag,DD4_T1,T+1,AR_xgb,-2.1218149617617255,27.841876622593265,11.441509050249444,-0.07620948079483639,-0.18544887325990153,0
17202,Karatag,DD4_T1,T+1,AR_ens,-0.47925245018336504,27.841876622593265,11.441509050249444,-0.017213367355936735,-0.0418871713581275,0
17202,Karatag,DD4_T1,T+1,NQ_xgb,-6.050271034240723,27.841876622593265,11.441509050249444,-0.2173083056237315,-0.5288000916372843,0
17202,Karatag,DD4_T1,T+2,OS_xgb,-5.4530439376831055,50.59749931868775,22.193142596832654,-0.10777299295637463,-0.24570850720624618,0
17202,Karatag,DD4_T1,T+2,OS_ens,-3.11682571382339,50.59749931868775,22.193142596832654,-0.06160039044997264,-0.1404409357631134,0
17202,Karatag,DD4_T1,T+2,AR_xgb,-5.0319809209759985,50.59749931868775,22.193142596832654,-0.09945117819523305,-0.22673584414737863,0
17202,Karatag,DD4_T1,T+2,AR_ens,-2.021022099907155,50.59749931868775,22.193142596832654,-0.03994312223174847,-0.09106516083015614,0
17202,Karatag,DD4_T1,T+2,NQ_xgb,-10.003739356994629,50.59749931868775,22.193142596832654,-0.19771212988187806,-0.4507581255492107,0
17202,Karatag,DD4_T1,T+3,OS_xgb,-8.319723129272461,67.94975470422901,33.45312027195058,-0.12243934014900372,-0.24869797082122394,0
17202,Karatag,DD4_T1,T+3,OS_ens,-4.756107415666577,67.94975470422901,33.45312027195058,-0.06999447512899659,-0.1421723108936546,0
17202,Karatag,DD4_T1,T+3,AR_xgb,-9.246175692797308,67.94975470422901,33.45312027195058,-0.13607371701404908,-0.27639202614381964,0
17202,Karatag,DD4_T1,T+3,AR_ens,-4.4296004862067635,67.94975470422901,33.45312027195058,-0.06518935212478519,-0.13241217710626677,0
17202,Karatag,DD4_T1,T+3,NQ_xgb,-11.556255340576172,67.94975470422901,33.45312027195058,-0.17007059688262482,-0.34544626171286447,0
17202,Karatag,DD4_T2,T+1,OS_xgb,-3.3174097537994385,27.841876622593265,11.441509050249444,-0.11915180139500403,-0.28994512342994766,0
17202,Karatag,DD4_T2,T+1,OS_ens,-1.8974023266616236,27.841876622593265,11.441509050249444,-0.06814922544128761,-0.1658349714472548,0
17202,Karatag,DD4_T2,T+1,AR_xgb,-2.8249705639640244,27.841876622593265,11.441509050249444,-0.10146480433979091,-0.24690541707017533,0
17202,Karatag,DD4_T2,T+1,AR_ens,-0.16871044895518938,27.841876622593265,11.441509050249444,-0.006059593296893048,-0.014745471791722371,0
17202,Karatag,DD4_T2,T+1,NQ_xgb,-4.815059661865234,27.841876622593265,11.441509050249444,-0.17294307158727532,-0.42084131041789963,0
17202,Karatag,DD4_T2,T+2,OS_xgb,-4.150295257568359,50.59749931868775,22.193142596832654,-0.08202569916405895,-0.18700800210965518,0
17202,Karatag,DD4_T2,T+2,OS_ens,-2.3695991122884674,50.59749931868775,22.193142596832654,-0.046832336463183195,-0.10677167967310093,0
17202,Karatag,DD4_T2,T+2,AR_xgb,-3.2783111156323486,50.59749931868775,22.193142596832654,-0.06479195928209702,-0.14771730057284543,0
17202,Karatag,DD4_T2,T+2,AR_ens,-0.7570345659918098,50.59749931868775,22.193142596832654,-0.014961896856278144,-0.0341111928015031,0
17202,Karatag,DD4_T2,T+2,NQ_xgb,-8.486771583557129,50.59749931868775,22.193142596832654,-0.16773104793387708,-0.3824051301670246,0
17202,Karatag,DD4_T2,T+3,OS_xgb,-7.562363147735596,67.94975470422901,33.45312027195058,-0.11129345765342306,-0.2260585286591758,0
17202,Karatag,DD4_T2,T+3,OS_ens,-4.321455115355044,67.94975470422901,33.45312027195058,-0.0635978030261541,-0.12917943319560693,0
17202,Karatag,DD4_T2,T+3,AR_xgb,-8.294589067441594,67.94975470422901,33.45312027195058,-0.12206944827904377,-0.24794664892280177,0
17202,Karatag,DD4_T2,T+3,AR_ens,-3.2359653015380907,67.94975470422901,33.45312027195058,-0.04762291366059476,-0.0967313444973726,0
17202,Karatag,DD4_T2,T+3,NQ_xgb,-10.115730285644531,67.94975470422901,33.45312027195058,-0.1488707402944452,-0.30238525445192216,0
17202,Karatag,DD6_T0,T+1,OS_xgb,-4.024910926818848,27.841876622593265,11.441509050249444,-0.1445632053247694,-0.3517814747287289,0
17202,Karatag,DD6_T0,T+1,OS_ens,-2.302008454864135,27.841876622593265,11.441509050249444,-0.08268151195656437,-0.2011979752630574,0
17202,Karatag,DD6_T0,T+1,AR_xgb,-5.226672105194541,27.841876622593265,11.441509050249444,-0.1877270047577603,-0.45681667359084865,0
17202,Karatag,DD6_T0,T+1,AR_ens,-3.6094176219188756,27.841876622593265,11.441509050249444,-0.12963988278684804,-0.3154669201472322,0
17202,Karatag,DD6_T0,T+1,NQ_xgb,-7.902705669403076,27.841876622593265,11.441509050249444,-0.28384242113156083,-0.6907048392563903,0
17202,Karatag,DD6_T0,T+2,OS_xgb,-5.34205436706543,50.59749931868775,22.193142596832654,-0.10557941477341723,-0.24070743220601093,0
17202,Karatag,DD6_T0,T+2,OS_ens,-3.05262560012175,50.59749931868775,22.193142596832654,-0.06033155079255644,-0.13754814518956016,0
17202,Karatag,DD6_T0,T+2,AR_xgb,-6.869230067863607,50.59749931868775,22.193142596832654,-0.13576224438677972,-0.3095203862135309,0
17202,Karatag,DD6_T0,T+2,AR_ens,-4.655678796860707,50.59749931868775,22.193142596832654,-0.09201400977421768,-0.20978006050955367,0
17202,Karatag,DD6_T0,T+2,NQ_xgb,-10.439592361450195,50.59749931868775,22.193142596832654,-0.20632625133697904,-0.4703972101247214,0
17202,Karatag,DD6_T0,T+3,OS_xgb,-6.406742095947266,67.94975470422901,33.45312027195058,-0.09428646392962663,-0.1915140364744727,0
17202,Karatag,DD6_T0,T+3,OS_ens,-3.6591088451413234,67.94975470422901,33.45312027195058,-0.05385021419236397,-0.10938019579026756,0
17202,Karatag,DD6_T0,T+3,AR_xgb,-8.517695334224806,67.94975470422901,33.45312027195058,-0.12535284889990467,-0.2546158703577386,0
17202,Karatag,DD6_T0,T+3,AR_ens,-6.324630215258232,67.94975470422901,33.45312027195058,-0.0930780433687806,-0.18905950069360916,0
17202,Karatag,DD6_T0,T+3,NQ_xgb,-10.872978210449219,67.94975470422901,33.45312027195058,-0.16001497367837464,-0.3250213469493869,0
17202,Karatag,DD6_T1,T+1,OS_xgb,-3.6415159702301025,27.841876622593265,11.441509050249444,-0.13079276298764528,-0.3182723497606036,0
17202,Karatag,DD6_T1,T+1,OS_ens,-2.082170971618047,27.841876622593265,11.441509050249444,-0.07478558287728337,-0.18198394656451827,0
17202,Karatag,DD6_T1,T+1,AR_xgb,-3.2631251726028987,27.841876622593265,11.441509050249444,-0.11720205562418597,-0.28520059358181926,0
17202,Karatag,DD6_T1,T+1,AR_ens,-2.9725167632674188,27.841876622593265,11.441509050249444,-0.1067642387602302,-0.259801111043356,0
17202,Karatag,DD6_T1,T+1,NQ_xgb,-7.228124141693115,27.841876622593265,11.441509050249444,-0.25961339602473493,-0.6317456997978366,0
17202,Karatag,DD6_T1,T+2,OS_xgb,-4.628205299377441,50.59749931868775,22.193142596832654,-0.09147102844404909,-0.20854213319198725,0
17202,Karatag,DD6_T1,T+2,OS_ens,-2.6434969875377745,50.59749931868775,22.193142596832654,-0.0522456054772142,-0.11911323400927669,0
17202,Karatag,DD6_T1,T+2,AR_xgb,-5.659410845730584,50.59749931868775,22.193142596832654,-0.11185159191534054,-0.2550071861629132,0
17202,Karatag,DD6_T1,T+2,AR_ens,-4.026663603389935,50.59749931868775,22.193142596832654,-0.07958226508444699,-0.18143728792895736,0
17202,Karatag,DD6_T1,T+2,NQ_xgb,-9.222518920898438,50.59749931868775,22.193142596832654,-0.18227222777968752,-0.4155571425118789,0
17202,Karatag,DD6_T1,T+3,OS_xgb,-6.879115104675293,67.94975470422901,33.45312027195058,-0.10123826251645256,-0.20563448338310075,0
17202,Karatag,DD6_T1,T+3,OS_ens,-3.9298104920642785,67.94975470422901,33.45312027195058,-0.05783406443731721,-0.11747216582840866,0
17202,Karatag,DD6_T1,T+3,AR_xgb,-8.883343859912184,67.94975470422901,33.45312027195058,-0.1307340092481498,-0.2655460473551281,0
17202,Karatag,DD6_T1,T+3,AR_ens,-5.305868815736847,67.94975470422901,33.45312027195058,-0.07808517983371946,-0.15860609631041372,0
17202,Karatag,DD6_T1,T+3,NQ_xgb,-10.979217529296875,67.94975470422901,33.45312027195058,-0.1615784718736234,-0.3281971140522462,0
17202,Karatag,DD6_T2,T+1,OS_xgb,-3.737539052963257,27.841876622593265,11.441509050249444,-0.13424163549127646,-0.32666486881656337,0
17202,Karatag,DD6_T2,T+1,OS_ens,-2.137151739558296,27.841876622593265,11.441509050249444,-0.07676033367032557,-0.18678932387084926,0
17202,Karatag,DD6_T2,T+1,AR_xgb,-3.7998552170631195,27.841876622593265,11.441509050249444,-0.13647985258219247,-0.3321113675105887,0
17202,Karatag,DD6_T2,T+1,AR_ens,-3.0981746686777667,27.841876622593265,11.441509050249444,-0.11127750872093314,-0.27078374496502466,0
17202,Karatag,DD6_T2,T+1,NQ_xgb,-6.845098495483398,27.841876622593265,11.441509050249444,-0.24585621825249754,-0.5982688529476944,0
17202,Karatag,DD6_T2,T+2,OS_xgb,-3.9065957069396973,50.59749931868775,22.193142596832654,-0.07720926448032639,-0.17602715297730012,0
17202,Karatag,DD6_T2,T+2,OS_ens,-2.2291729938505145,50.59749931868775,22.193142596832654,-0.044056979571462505,-0.10044422434201167,0
17202,Karatag,DD6_T2,T+2,AR_xgb,-4.527790127938669,50.59749931868775,22.193142596832654,-0.08948644081045264,-0.20401752965733042,0
17202,Karatag,DD6_T2,T+2,AR_ens,-3.2487213599212916,50.59749931868775,22.193142596832654,-0.06420715259976108,-0.1463840168532482,0
17202,Karatag,DD6_T2,T+2,NQ_xgb,-8.307779312133789,50.59749931868775,22.193142596832654,-0.16419347643659896,-0.37433992396009086,0
17202,Karatag,DD6_T2,T+3,OS_xgb,-5.9668660163879395,67.94975470422901,33.45312027195058,-0.08781291473914,-0.17836500654891,0
17202,Karatag,DD6_T2,T+3,OS_ens,-3.4063196898051484,67.94975470422901,33.45312027195058,-0.050129977725926186,-0.10182367630027156,0
17202,Karatag,DD6_T2,T+3,AR_xgb,-7.218253477685977,67.94975470422901,33.45312027195058,-0.10622927940072066,-0.21577220357941504,0
17202,Karatag,DD6_T2,T+3,AR_ens,-5.157401237252945,67.94975470422901,33.45312027195058,-0.07590021862039133,-0.1541680176715016,0
17202,Karatag,DD6_T2,T+3,NQ_xgb,-8.736419677734375,67.94975470422901,33.45312027195058,-0.12857176182257277,-0.26115410481035445,0
17202,Karatag,empirical,T+1,OS_xgb,-3.7044405937194824,27.841876622593265,11.441509050249444,-0.1330528341869522,-0.32377202844922975,0
17202,Karatag,empirical,T+1,OS_ens,-2.1228650736344945,27.841876622593265,11.441509050249444,-0.07624719778809096,-0.1855406541489571,0
17202,Karatag,empirical,T+1,AR_xgb,-4.657010605167589,27.841876622593265,11.441509050249444,-0.16726640478639626,-0.40702765559286586,0
17202,Karatag,empirical,T+1,AR_ens,-2.8044731736124877,27.841876622593265,11.441509050249444,-0.10072859712828049,-0.2451139234602402,0
17202,Karatag,empirical,T+1,NQ_xgb,-7.872962951660156,27.841876622593265,11.441509050249444,-0.2827741483945577,-0.6881052942477472,0
17202,Karatag,empirical,T+2,OS_xgb,-3.736924886703491,50.59749931868775,22.193142596832654,-0.07385592049058619,-0.16838196169824166,0
17202,Karatag,empirical,T+2,OS_ens,-2.143701500020345,50.59749931868775,22.193142596832654,-0.04236773613095514,-0.09659296742978114,0
17202,Karatag,empirical,T+2,AR_xgb,-3.0001608685468857,50.59749931868775,22.193142596832654,-0.059294647145512226,-0.13518413876974145,0
17202,Karatag,empirical,T+2,AR_ens,-1.165262999600658,50.59749931868775,22.193142596832654,-0.023030051194057294,-0.05250554285029292,0
17202,Karatag,empirical,T+2,NQ_xgb,-8.699422836303711,50.59749931868775,22.193142596832654,-0.1719338495665665,-0.391986975181481,0
17202,Karatag,empirical,T+3,OS_xgb,-2.0795106887817383,67.94975470422901,33.45312027195058,-0.030603652622933093,-0.062161935026591356,0
17202,Karatag,empirical,T+3,OS_ens,-1.1945972211554357,67.94975470422901,33.45312027195058,-0.017580596520992108,-0.035709590359410175,0
17202,Karatag,empirical,T+3,AR_xgb,-0.7141443926817703,67.94975470422901,33.45312027195058,-0.010509889193718074,-0.021347616810517927,0
17202,Karatag,empirical,T+3,AR_ens,0.2228967250327729,67.94975470422901,33.45312027195058,0.003280316845925279,0.006662957691861856,1
17202,Karatag,empirical,T+3,NQ_xgb,-2.3679494857788086,67.94975470422901,33.45312027195058,-0.03484853618804063,-0.07078411420307067,0
17211,Sangardak,DD2_T0,T+1,OS_xgb,-1.863419771194458,16.88597535120764,13.640549584647754,-0.11035310264510075,-0.13660884846543944,0
17211,Sangardak,DD2_T0,T+1,OS_ens,-1.0564827218713102,16.88597535120764,13.640549584647754,-0.06256569134431156,-0.07745162431434335,0
17211,Sangardak,DD2_T0,T+1,AR_xgb,5.672160232217294,16.88597535120764,13.640549584647754,0.3359095411572797,0.4158307696488439,1
17211,Sangardak,DD2_T0,T+1,AR_ens,8.320754617806937,16.88597535120764,13.640549584647754,0.49276126754572447,0.6100014201166666,1
17211,Sangardak,DD2_T0,T+1,NQ_xgb,1.4532089233398438,16.88597535120764,13.640549584647754,0.08606011160829476,0.1065359510862678,1
17211,Sangardak,DD2_T0,T+2,OS_xgb,-2.2571444511413574,28.771940216539384,23.31522720765059,-0.07844950441833085,-0.09680988441754085,0
17211,Sangardak,DD2_T0,T+2,OS_ens,-1.2780182682063712,28.771940216539384,23.31522720765059,-0.0444189115710629,-0.05481474646693583,0
17211,Sangardak,DD2_T0,T+2,AR_xgb,11.551948574463644,28.771940216539384,23.31522720765059,0.40150050665763143,0.49546798200075104,1
17211,Sangardak,DD2_T0,T+2,AR_ens,13.33138572963386,28.771940216539384,23.31522720765059,0.46334677568843236,0.5717887975485539,1
17211,Sangardak,DD2_T0,T+2,NQ_xgb,-0.4846324920654297,28.771940216539384,23.31522720765059,-0.01684392809167737,-0.02078609347226965,0
17211,Sangardak,DD2_T0,T+3,OS_xgb,-3.4443259239196777,32.97298461901347,29.127291969881263,-0.10445902801087499,-0.11825081190112843,0
17211,Sangardak,DD2_T0,T+3,OS_ens,-1.9548315549248079,32.97298461901347,29.127291969881263,-0.059285854086668824,-0.06711339855919934,0
17211,Sangardak,DD2_T0,T+3,AR_xgb,17.20346547181656,32.97298461901347,29.127291969881263,0.5217442603572015,0.5906304468539542,1
17211,Sangardak,DD2_T0,T+3,AR_ens,17.186949208557337,32.97298461901347,29.127291969881263,0.5212433574680617,0.5900634094762157,1
17211,Sangardak,DD2_T0,T+3,NQ_xgb,-1.463383674621582,32.97298461901347,29.127291969881263,-0.044381292489298646,-0.050240979358286274,0
17211,Sangardak,DD2_T1,T+1,OS_xgb,1.1356828212738037,16.88597535120764,13.640549584647754,0.06725598004574741,0.08325784926965103,1
17211,Sangardak,DD2_T1,T+1,OS_ens,0.6627458907538686,16.88597535120764,13.640549584647754,0.03924830381245764,0.048586450761469294,1
17211,Sangardak,DD2_T1,T+1,AR_xgb,9.68754486545339,16.88597535120764,13.640549584647754,0.5737036010040464,0.710201946434518,1
17211,Sangardak,DD2_T1,T+1,AR_ens,11.64924133283175,16.88597535120764,13.640549584647754,0.6898767225784578,0.8540155409825133,1
17211,Sangardak,DD2_T1,T+1,NQ_xgb,7.06736421585083,16.88597535120764,13.640549584647754,0.4185345571610935,0.5181143305109237,1
17211,Sangardak,DD2_T1,T+2,OS_xgb,1.5679597854614258,28.771940216539384,23.31522720765059,0.05449614359201584,0.06725046131855494,1
17211,Sangardak,DD2_T1,T+2,OS_ens,0.9199169841553556,28.771940216539384,23.31522720765059,0.03197271290125046,0.03945563026096082,1
17211,Sangardak,DD2_T1,T+2,AR_xgb,18.494823389609138,28.771940216539384,23.31522720765059,0.6428076539300431,0.7932508323804925,1
17211,Sangardak,DD2_T1,T+2,AR_ens,17.237570276944826,28.771940216539384,23.31522720765059,0.5991104578701963,0.7393267122564665,1
17211,Sangardak,DD2_T1,T+2,NQ_xgb,8.368849754333496,28.771940216539384,23.31522720765059,0.2908684534775556,0.3589435213218667,1
17211,Sangardak,DD2_T1,T+3,OS_xgb,0.34774017333984375,32.97298461901347,29.127291969881263,0.01054621464686347,0.011938637264989152,1
17211,Sangardak,DD2_T1,T+3,OS_ens,0.22653844580735605,32.97298461901347,29.127291969881263,0.006870425847853805,0.007777532015046421,1
17211,Sangardak,DD2_T1,T+3,AR_xgb,25.155185314359272,32.97298461901347,29.127291969881263,0.7629028917162034,0.8636293871867903,1
17211,Sangardak,DD2_T1,T+3,AR_ens,20.683486193113765,32.97298461901347,29.127291969881263,0.6272858351193021,0.7101067347593207,1
17211,Sangardak,DD2_T1,T+3,NQ_xgb,7.9246110916137695,32.97298461901347,29.127291969881263,0.24033648100645824,0.2720682410094327,1
17211,Sangardak,DD2_T2,T+1,OS_xgb,2.535634994506836,16.88597535120764,13.640549584647754,0.15016218736369846,0.18588950384819225,1
17211,Sangardak,DD2_T2,T+1,OS_ens,1.4641723485815161,16.88597535120764,13.640549584647754,0.08670937379266057,0.10733968888096865,1
17211,Sangardak,DD2_T2,T+1,AR_xgb,13.198475545762411,16.88597535120764,13.640549584647754,0.7816235231457027,0.9675911856672629,1
17211,Sangardak,DD2_T2,T+1,AR_ens,13.182863210056283,16.88597535120764,13.640549584647754,0.7806989490313024,0.966446632391807,1
17211,Sangardak,DD2_T2,T+1,NQ_xgb,9.299129486083984,16.88597535120764,13.640549584647754,0.5507013537964768,0.6817268929215303,1
17211,Sangardak,DD2_T2,T+2,OS_xgb,3.1514110565185547,28.771940216539384,23.31522720765059,0.10953071057429016,0.13516535903559457,1
17211,Sangardak,DD2_T2,T+2,OS_ens,1.82423117662941,28.771940216539384,23.31522720765059,0.06340313384846953,0.07824205015813923,1
17211,Sangardak,DD2_T2,T+2,AR_xgb,20.22586538410478,28.771940216539384,23.31522720765059,0.7029718966424814,0.8674959589271308,1
17211,Sangardak,DD2_T2,T+2,AR_ens,18.17050810756837,28.771940216539384,23.31522720765059,0.6315357244181662,0.7793408121541253,1
17211,Sangardak,DD2_T2,T+2,NQ_xgb,10.133712768554688,28.771940216539384,23.31522720765059,0.3522081824266193,0.43463924577279867,1
17211,Sangardak,DD2_T2,T+3,OS_xgb,4.2091965675354,32.97298461901347,29.127291969881263,0.1276559163864171,0.1445103984224785,1
17211,Sangardak,DD2_T2,T+3,OS_ens,2.4371878003551224,32.97298461901347,29.127291969881263,0.07391468587134657,0.08367368318603968,1
17211,Sangardak,DD2_T2,T+3,AR_xgb,29.728080317345885,32.97298461901347,29.127291969881263,0.9015890026589692,1.0206263029218734,1
17211,Sangardak,DD2_T2,T+3,AR_ens,24.188668566677105,32.97298461901347,29.127291969881263,0.733590508901915,0.8304468740756648,1
17211,Sangardak,DD2_T2,T+3,NQ_xgb,13.113431930541992,32.97298461901347,29.127291969881263,0.39770230332683604,0.4502111608625266,1
17211,Sangardak,DD4_T0,T+1,OS_xgb,0.17026066780090332,16.88597535120764,13.640549584647754,0.010082963184517898,0.012481950726716267,1
17211,Sangardak,DD4_T0,T+1,OS_ens,0.10399720440995575,16.88597535120764,13.640549584647754,0.006158791674566677,0.007624121283720352,1
17211,Sangardak,DD4_T0,T+1,AR_xgb,3.7111119342259746,16.88597535120764,13.640549584647754,0.2197748046553062,0.27206469293603674,1
17211,Sangardak,DD4_T0,T+1,AR_ens,2.0828024725379257,16.88597535120764,13.640549584647754,0.12334510913454395,0.15269197620029112,1
17211,Sangardak,DD4_T0,T+1,NQ_xgb,-2.6814820766448975,16.88597535120764,13.640549584647754,-0.15879935987547944,-0.19658167436764187,0
17211,Sangardak,DD4_T0,T+2,OS_xgb,-0.6245315074920654,28.771940216539384,23.31522720765059,-0.021706270164326878,-0.026786421677552148,0
17211,Sangardak,DD4_T0,T+2,OS_ens,-0.3474355233002657,28.771940216539384,23.31522720765059,-0.012075498582488518,-0.014901657196214637,0
17211,Sangardak,DD4_T0,T+2,AR_xgb,7.235475203544063,28.771940216539384,23.31522720765059,0.2514767912448529,0.31033260534428053,1
17211,Sangardak,DD4_T0,T+2,AR_ens,4.990516266925503,28.771940216539384,23.31522720765059,0.17345080760513792,0.21404536282142386,1
17211,Sangardak,DD4_T0,T+2,NQ_xgb,-2.476245164871216,28.771940216539384,23.31522720765059,-0.08606458744995447,-0.10620720711049593,0
17211,Sangardak,DD4_T0,T+3,OS_xgb,-2.12976336479187,32.97298461901347,29.127291969881263,-0.0645911612006081,-0.07311916833855091,0
17211,Sangardak,DD4_T0,T+3,OS_ens,-1.2075707807463476,32.97298461901347,29.127291969881263,-0.03662303533329575,-0.041458395170928426,0
17211,Sangardak,DD4_T0,T+3,AR_xgb,8.381144563090391,32.97298461901347,29.127291969881263,0.25418216336586974,0.2877419765543881,1
17211,Sangardak,DD4_T0,T+3,AR_ens,6.691293129599984,32.97298461901347,29.127291969881263,0.20293258881216145,0.2297258920094267,1
17211,Sangardak,DD4_T0,T+3,NQ_xgb,-2.1068220138549805,32.97298461901347,29.127291969881263,-0.06389539916383874,-0.07233154445094021,0
17211,Sangardak,DD4_T1,T+1,OS_xgb,-0.7678329944610596,16.88597535120764,13.640549584647754,-0.04547164013277718,-0.056290473466351,0
17211,Sangardak,DD4_T1,T+1,OS_ens,-0.4324709847640884,16.88597535120764,13.640549584647754,-0.02561125287519499,-0.03170480647281458,0
17211,Sangardak,DD4_T1,T+1,AR_xgb,2.7607193934527485,16.88597535120764,13.640549584647754,0.1634918526192986,0.2023906277617948,1
17211,Sangardak,DD4_T1,T+1,AR_ens,1.7723477171424307,16.88597535120764,13.640549584647754,0.10495974797308211,0.1299322806712409,1
17211,Sangardak,DD4_T1,T+1,NQ_xgb,-2.4506330490112305,16.88597535120764,13.640549584647754,-0.14512830902811708,-0.17965794074524558,0
17211,Sangardak,DD4_T1,T+2,OS_xgb,0.9707808494567871,28.771940216539384,23.31522720765059,0.03374054172748278,0.04163720305235704,1
17211,Sangardak,DD4_T1,T+2,OS_ens,0.5647468157492286,28.771940216539384,23.31522720765059,0.019628388335958903,0.024222230850227965,1
17211,Sangardak,DD4_T1,T+2,AR_xgb,9.747003043483781,28.771940216539384,23.31522720765059,0.33876766634878425,0.418053101377688,1
17211,Sangardak,DD4_T1,T+2,AR_ens,6.270249660379612,28.771940216539384,23.31522720765059,0.2179293302151099,0.2689336717388759,1
17211,Sangardak,DD4_T1,T+2,NQ_xgb,-0.9512484073638916,28.771940216539384,23.31522720765059,-0.03306167050969583,-0.040799448312978555,0
17211,Sangardak,DD4_T1,T+3,OS_xgb,-0.6847739219665527,32.97298461901347,29.127291969881263,-0.020767726363833203,-0.023509700890650433,0
17211,Sangardak,DD4_T1,T+3,OS_ens,-0.3812051666750915,32.97298461901347,29.127291969881263,-0.0115611362174134,-0.013087559498125411,0
17211,Sangardak,DD4_T1,T+3,AR_xgb,10.535696044389297,32.97298461901347,29.127291969881263,0.31952509504747767,0.36171217205099643,1
17211,Sangardak,DD4_T1,T+3,AR_ens,10.563807750188747,32.97298461901347,29.127291969881263,0.3203776628730557,0.3626773048834107,1
17211,Sangardak,DD4_T1,T+3,NQ_xgb,1.3180255889892578,32.97298461901347,29.127291969881263,0.03997289308864186,0.04525053651922557,1
17211,Sangardak,DD4_T2,T+1,OS_xgb,0.8588552474975586,16.88597535120764,13.640549584647754,0.05086204555167348,0.06296339030680904,1
17211,Sangardak,DD4_T2,T+1,OS_ens,0.4982079107784698,16.88597535120764,13.640549584647754,0.029504242450693812,0.0365240350241603,1
17211,Sangardak,DD4_T2,T+1,AR_xgb,6.1342430365120215,16.88597535120764,13.640549584647754,0.3632744279751253,0.4497064431638462,1
17211,Sangardak,DD4_T2,T+1,AR_ens,4.312452087973362,16.88597535120764,13.640549584647754,0.255386615121699,0.3161494382034992,1
17211,Sangardak,DD4_T2,T+1,NQ_xgb,1.0440409183502197,16.88597535120764,13.640549584647754,0.061828878500379464,0.07653950538219317,1
17211,Sangardak,DD4_T2,T+2,OS_xgb,0.6422996520996094,28.771940216539384,23.31522720765059,0.022323821308734233,0.027548504948253175,1
17211,Sangardak,DD4_T2,T+2,OS_ens,0.37768044365635856,28.771940216539384,23.31522720765059,0.013126693605433363,0.01619887467930948,1
17211,Sangardak,DD4_T2,T+2,AR_xgb,11.888883844895004,28.771940216539384,23.31522720765059,0.41321105755880677,0.5099192788905708,1
17211,Sangardak,DD4_T2,T+2,AR_ens,8.563645428781319,28.771940216539384,23.31522720765059,0.2976387884977794,0.3672983905544472,1
17211,Sangardak,DD4_T2,T+2,NQ_xgb,-1.0055842399597168,28.771940216539384,23.31522720765059,-0.03495017132635576,-0.04312993525663551,0
17211,Sangardak,DD4_T2,T+3,OS_xgb,-1.22755765914917,32.97298461901347,29.127291969881263,-0.03722919454617141,-0.042144585923693544,0
17211,Sangardak,DD4_T2,T+3,OS_ens,-0.6909581874426363,32.97298461901347,29.127291969881263,-0.02095528188989612,-0.02372201947771573,0
17211,Sangardak,DD4_T2,T+3,AR_xgb,14.361919420130299,32.97298461901347,29.127291969881263,0.4355662548014739,0.4930743110269597,1
17211,Sangardak,DD4_T2,T+3,AR_ens,12.167969065025495,32.97298461901347,29.127291969881263,0.3690284396641785,0.41775147094373355,1
17211,Sangardak,DD4_T2,T+3,NQ_xgb,2.925229072570801,32.97298461901347,29.127291969881263,0.08871593234189674,0.10042914650615649,1
17211,Sangardak,DD6_T0,T+1,OS_xgb,0.7882893085479736,16.88597535120764,13.640549584647754,0.04668307824407651,0.05779014281324721,1
17211,Sangardak,DD6_T0,T+1,OS_ens,0.4569522239144752,16.88597535120764,13.640549584647754,0.027061050037704523,0.033499546413347486,1
17211,Sangardak,DD6_T0,T+1,AR_xgb,2.9640820547383373,16.88597535120764,13.640549584647754,0.17553514043986532,0.21729931307711894,1
17211,Sangardak,DD6_T0,T+1,AR_ens,2.3619683535076264,16.88597535120764,13.640549584647754,0.13987751991706565,0.1731578584022735,1
17211,Sangardak,DD6_T0,T+1,NQ_xgb,-0.9456217288970947,16.88597535120764,13.640549584647754,-0.05600042101384842,-0.06932431299992331,0
17211,Sangardak,DD6_T0,T+2,OS_xgb,1.8231391906738281,28.771940216539384,23.31522720765059,0.0633651806917702,0.07819521441659331,1
17211,Sangardak,DD6_T0,T+2,OS_ens,1.0515084533383567,28.771940216539384,23.31522720765059,0.03654631719045152,0.04509964427853904,1
17211,Sangardak,DD6_T0,T+2,AR_xgb,7.894164378142121,28.771940216539384,23.31522720765059,0.27437024819077743,0.33858406387529233,1
17211,Sangardak,DD6_T0,T+2,AR_ens,5.683703538952001,28.771940216539384,23.31522720765059,0.19754328335788618,0.2437764594070508,1
17211,Sangardak,DD6_T0,T+2,NQ_xgb,1.4389216899871826,28.771940216539384,23.31522720765059,0.05001128457649258,0.06171596258410122,1
17211,Sangardak,DD6_T0,T+3,OS_xgb,1.3965845108032227,32.97298461901347,29.127291969881263,0.04235541692509993,0.04794762631031215,1
17211,Sangardak,DD6_T0,T+3,OS_ens,0.8080273010489636,32.97298461901347,29.127291969881263,0.02450573736000303,0.027741243569244088,1
17211,Sangardak,DD6_T0,T+3,AR_xgb,10.452942066295401,32.97298461901347,29.127291969881263,0.31701534413926974,0.3588710573267211,1
17211,Sangardak,DD6_T0,T+3,AR_ens,7.941949507803958,32.97298461901347,29.127291969881263,0.24086231803305821,0.27266350459274546,1
17211,Sangardak,DD6_T0,T+3,NQ_xgb,3.313755989074707,32.97298461901347,29.127291969881263,0.10049912154945993,0.11376807677491124,1
17211,Sangardak,DD6_T1,T+1,OS_xgb,0.21113157272338867,16.88597535120764,13.640549584647754,0.012503368525187922,0.015478230654358258,1
17211,Sangardak,DD6_T1,T+1,OS_ens,0.12699417281961667,16.88597535120764,13.640549584647754,0.007520689221575488,0.009310048105579765,1
17211,Sangardak,DD6_T1,T+1,AR_xgb,3.847717993442623,16.88597535120764,13.640549584647754,0.22786471692720103,0.28207939640299945,1
17211,Sangardak,DD6_T1,T+1,AR_ens,2.6373622865690116,16.88597535120764,13.640549584647754,0.15618655314336902,0.1933472159756177,1
17211,Sangardak,DD6_T1,T+1,NQ_xgb,-1.4039459228515625,16.88597535120764,13.640549584647754,-0.08314272013616056,-0.10292443967446031,0
17211,Sangardak,DD6_T1,T+2,OS_xgb,1.7250120639801025,28.771940216539384,23.31522720765059,0.05995466593485028,0.07398650026511695,1
17211,Sangardak,DD6_T1,T+2,OS_ens,0.9955654776476863,28.771940216539384,23.31522720765059,0.03460195837176776,0.042700226284777716,1
17211,Sangardak,DD6_T1,T+2,AR_xgb,8.23291689455312,28.771940216539384,23.31522720765059,0.28614395944770094,0.35311330321720374,1
17211,Sangardak,DD6_T1,T+2,AR_ens,6.165061662510096,28.771940216539384,23.31522720765059,0.2142734072193764,0.2644221138229831,1
17211,Sangardak,DD6_T1,T+2,NQ_xgb,1.247948408126831,28.771940216539384,23.31522720765059,0.04337380095797137,0.053525037393473605,1
17211,Sangardak,DD6_T1,T+3,OS_xgb,0.613325834274292,32.97298461901347,29.127291969881263,0.018600858895880028,0.021056740699015013,1
17211,Sangardak,DD6_T1,T+3,OS_ens,0.36052599395718365,32.97298461901347,29.127291969881263,0.010933981200758234,0.012377600853865212,1
17211,Sangardak,DD6_T1,T+3,AR_xgb,11.11663328051431,32.97298461901347,29.127291969881263,0.33714367713331117,0.3816569453833654,1
17211,Sangardak,DD6_T1,T+3,AR_ens,7.961357654604906,32.97298461901347,29.127291969881263,0.2414509255560107,0.27332982629615055,1
17211,Sangardak,DD6_T1,T+3,NQ_xgb,2.265298366546631,32.97298461901347,29.127291969881263,0.0687016475069222,0.07777236445080567,1
17211,Sangardak,DD6_T2,T+1,OS_xgb,0.5222141742706299,16.88597535120764,13.640549584647754,0.03092591120200128,0.03828395410536644,1
17211,Sangardak,DD6_T2,T+1,OS_ens,0.30515797230566966,16.88597535120764,13.640549584647754,0.018071681733436,0.022371383968950977,1
17211,Sangardak,DD6_T2,T+1,AR_xgb,5.183358802817906,16.88597535120764,13.640549584647754,0.3069623575192063,0.37999633157389073,1
17211,Sangardak,DD6_T2,T+1,AR_ens,3.1926714614381457,16.88597535120764,13.640549584647754,0.18907237485750647,0.23405739201530798,1
17211,Sangardak,DD6_T2,T+1,NQ_xgb,-0.1923203468322754,16.88597535120764,13.640549584647754,-0.01138935375850357,-0.014099164087107548,0
17211,Sangardak,DD6_T2,T+2,OS_xgb,0.5939066410064697,28.771940216539384,23.31522720765059,0.020641869701406718,0.025472908143549505,1
17211,Sangardak,DD6_T2,T+2,OS_ens,0.3494736717444935,28.771940216539384,23.31522720765059,0.012146336643074233,0.014989074248859056,1
17211,Sangardak,DD6_T2,T+2,AR_xgb,8.509428490289938,28.771940216539384,23.31522720765059,0.29575441997472046,0.3649730030294399,1
17211,Sangardak,DD6_T2,T+2,AR_ens,7.205401115332444,28.771940216539384,23.31522720765059,0.25043153367844345,0.30904271492443725,1
17211,Sangardak,DD6_T2,T+2,NQ_xgb,-0.9899377822875977,28.771940216539384,23.31522720765059,-0.034406361713435564,-0.0424588520399562,0
17211,Sangardak,DD6_T2,T+3,OS_xgb,-1.352614402770996,32.97298461901347,29.127291969881263,-0.04102189772626854,-0.046438041825846745,0
17211,Sangardak,DD6_T2,T+3,OS_ens,-0.7630060674401196,32.97298461901347,29.127291969881263,-0.023140339773795954,-0.0261955717760888,0
17211,Sangardak,DD6_T2,T+3,AR_xgb,11.122403267180747,32.97298461901347,29.127291969881263,0.3373186684704044,0.38185504092456446,1
17211,Sangardak,DD6_T2,T+3,AR_ens,7.6432669344788655,32.97298461901347,29.127291969881263,0.23180391532016392,0.2624091159034728,1
17211,Sangardak,DD6_T2,T+3,NQ_xgb,0.7826685905456543,32.97298461901347,29.127291969881263,0.023736661985228297,0.026870626742608397,1
17211,Sangardak,empirical,T+1,OS_xgb,-4.044741630554199,16.88597535120764,13.640549584647754,-0.23953260302875723,-0.296523362600177,0
17211,Sangardak,empirical,T+1,OS_ens,-2.3090785146377524,16.88597535120764,13.640549584647754,-0.13674534438264552,-0.16928046046154824,0
17211,Sangardak,empirical,T+1,AR_xgb,-0.9500885374063905,16.88597535120764,13.640549584647754,-0.056264948730867514,-0.0696517784353573,0
17211,Sangardak,empirical,T+1,AR_ens,0.599331267650105,16.88597535120764,13.640549584647754,0.03549284273989198,0.04393747216201933,1
17211,Sangardak,empirical,T+1,NQ_xgb,-2.9433250427246094,16.88597535120764,13.640549584647754,-0.17430589477403866,-0.2157775993158868,0
17211,Sangardak,empirical,T+2,OS_xgb,-1.6222057342529297,28.771940216539384,23.31522720765059,-0.056381520399531974,-0.06957709310765901,0
17211,Sangardak,empirical,T+2,OS_ens,-0.9169654238309954,28.771940216539384,23.31522720765059,-0.0318701282197119,-0.03932903658473056,0
17211,Sangardak,empirical,T+2,AR_xgb,5.002091418535183,28.771940216539384,23.31522720765059,0.17385311455845995,0.2145418259914624,1
17211,Sangardak,empirical,T+2,AR_ens,7.186534239414788,28.771940216539384,23.31522720765059,0.2497757949352213,0.30823350660106885,1
17211,Sangardak,empirical,T+2,NQ_xgb,1.8230323791503906,28.771940216539384,23.31522720765059,0.06336146834138182,0.07819063322497609,1
17211,Sangardak,empirical,T+3,OS_xgb,0.9400782585144043,32.97298461901347,29.127291969881263,0.028510560065354826,0.03227482525620581,1
17211,Sangardak,empirical,T+3,OS_ens,0.5536150615358282,32.97298461901347,29.127291969881263,0.016789959050797994,0.019006746734584436,1
17211,Sangardak,empirical,T+3,AR_xgb,12.17004352974166,32.97298461901347,29.127291969881263,0.36909135373580815,0.4178226915954271,1
17211,Sangardak,empirical,T+3,AR_ens,11.578905748960132,32.97298461901347,29.127291969881263,0.35116341097867426,0.39752771252930635,1
17211,Sangardak,empirical,T+3,NQ_xgb,12.935525894165039,32.97298461901347,29.127291969881263,0.39230679429322657,0.44410327975360253,1
16176,Padshaata,DD2_T0,T+1,OS_xgb,5.7163896560668945,29.86680525597316,16.974312189458864,0.19139608696258717,0.3367670861866675,1
16176,Padshaata,DD2_T0,T+1,OS_ens,3.038779551353188,29.86680525597316,16.974312189458864,0.10174437892869216,0.1790222494694239,1
16176,Padshaata,DD2_T0,T+1,AR_xgb,10.420329910351724,29.86680525597316,16.974312189458864,0.3488933557186445,0.6138881972974907,1
16176,Padshaata,DD2_T0,T+1,AR_ens,5.625217640083912,29.86680525597316,16.974312189458864,0.18834346666384436,0.33139591032013666,1
16176,Padshaata,DD2_T0,T+1,NQ_xgb,9.124225616455078,29.86680525597316,16.974312189458864,0.3054972079623513,0.5375313894675078,1
16176,Padshaata,DD2_T0,T+2,OS_xgb,14.300149917602539,55.28102338193128,31.620451355582425,0.2586809911025738,0.4522437000279543,1
16176,Padshaata,DD2_T0,T+2,OS_ens,7.603414164517563,55.28102338193128,31.620451355582425,0.1375411253150345,0.24045874864386527,1
16176,Padshaata,DD2_T0,T+2,AR_xgb,21.1148548938665,55.28102338193128,31.620451355582425,0.3819548481942166,0.6677594401301543,1
16176,Padshaata,DD2_T0,T+2,AR_ens,8.892603552514068,55.28102338193128,31.620451355582425,0.16086177513531044,0.28122949456077656,1
16176,Padshaata,DD2_T0,T+2,NQ_xgb,16.35245704650879,55.28102338193128,31.620451355582425,0.2958059754706644,0.5171481223534733,1
16176,Padshaata,DD2_T0,T+3,OS_xgb,17.589176177978516,73.79384119697875,44.57156481042391,0.23835561196804386,0.3946277464744732,1
16176,Padshaata,DD2_T0,T+3,OS_ens,9.359228462695324,73.79384119697875,44.57156481042391,0.12682939810264962,0.20998204802777062,1
16176,Padshaata,DD2_T0,T+3,AR_xgb,29.231564141204604,73.79384119697875,44.57156481042391,0.39612471267319527,0.6558343703106481,1
16176,Padshaata,DD2_T0,T+3,AR_ens,16.781445307519505,73.79384119697875,44.57156481042391,0.2274098357710449,0.37650563490189254,1
16176,Padshaata,DD2_T0,T+3,NQ_xgb,29.107534408569336,73.79384119697875,44.57156481042391,0.394443952725977,0.6530516604559952,1
16176,Padshaata,DD2_T1,T+1,OS_xgb,5.966603755950928,29.86680525597316,16.974312189458864,0.19977375232517203,0.35150783662717244,1
16176,Padshaata,DD2_T1,T+1,OS_ens,3.1721237438093186,29.86680525597316,16.974312189458864,0.10620900751261018,0.1868778957523371,1
16176,Padshaata,DD2_T1,T+1,AR_xgb,10.47944967790192,29.86680525597316,16.974312189458864,0.35087280303627727,0.6173710935050265,1
16176,Padshaata,DD2_T1,T+1,AR_ens,6.853732864533823,29.86680525597316,16.974312189458864,0.22947659804234077,0.40377087377891085,1
16176,Padshaata,DD2_T1,T+1,NQ_xgb,10.676652908325195,29.86680525597316,16.974312189458864,0.3574755591306485,0.6289888384965284,1
16176,Padshaata,DD2_T1,T+2,OS_xgb,13.465863227844238,55.28102338193128,31.620451355582425,0.24358925367227527,0.4258592983514421,1
16176,Padshaata,DD2_T1,T+2,OS_ens,7.157666598997925,55.28102338193128,31.620451355582425,0.12947782369270364,0.22636193640968622,1
16176,Padshaata,DD2_T1,T+2,AR_xgb,18.61234934955215,55.28102338193128,31.620451355582425,0.33668604904365135,0.5886174469886635,1
16176,Padshaata,DD2_T1,T+2,AR_ens,8.26959152105362,55.28102338193128,31.620451355582425,0.14959186742835434,0.2615266755069158,1
16176,Padshaata,DD2_T1,T+2,NQ_xgb,15.949172019958496,55.28102338193128,31.620451355582425,0.2885107952826271,0.504394192246176,1
16176,Padshaata,DD2_T1,T+3,OS_xgb,17.454111099243164,73.79384119697875,44.57156481042391,0.23652530910611774,0.3915974494833349,1
16176,Padshaata,DD2_T1,T+3,OS_ens,9.287916318035261,73.79384119697875,44.57156481042391,0.12586302823352047,0.2083821009547124,1
16176,Padshaata,DD2_T1,T+3,AR_xgb,27.880529909194475,73.79384119697875,44.57156481042391,0.3778164878932465,0.6255227975005734,1
16176,Padshaata,DD2_T1,T+3,AR_ens,16.222635215325333,73.79384119697875,44.57156481042391,0.21983725135031346,0.36396826730955073,1
16176,Padshaata,DD2_T1,T+3,NQ_xgb,28.24917984008789,73.79384119697875,44.57156481042391,0.3828121613114302,0.6337937642584467,1
16176,Padshaata,DD2_T2,T+1,OS_xgb,5.614793300628662,29.86680525597316,16.974312189458864,0.18799443906059357,0.33078178591032853,1
16176,Padshaata,DD2_T2,T+1,OS_ens,2.978604784093286,29.86680525597316,16.974312189458864,0.0997296081239752,0.17547720053970817,1
16176,Padshaata,DD2_T2,T+1,AR_xgb,8.805323181261482,29.86680525597316,16.974312189458864,0.2948197206161003,0.5187440341016959,1
16176,Padshaata,DD2_T2,T+1,AR_ens,4.161668849100919,29.86680525597316,16.974312189458864,0.13934094435053823,0.24517452033699116,1
16176,Padshaata,DD2_T2,T+1,NQ_xgb,10.674459457397461,29.86680525597316,16.974312189458864,0.35740211803412225,0.6288596167110886,1
16176,Padshaata,DD2_T2,T+2,OS_xgb,13.42470645904541,55.28102338193128,31.620451355582425,0.24284475282404602,0.42455771133941606,1
16176,Padshaata,DD2_T2,T+2,OS_ens,7.1352768594332705,55.28102338193128,31.620451355582425,0.12907280695829976,0.22565385861178022,1
16176,Padshaata,DD2_T2,T+2,AR_xgb,19.03002953548456,55.28102338193128,31.620451355582425,0.344241628886063,0.6018266254799968,1
16176,Padshaata,DD2_T2,T+2,AR_ens,7.653115880549666,55.28102338193128,31.620451355582425,0.13844019904760127,0.24203057048388868,1
16176,Padshaata,DD2_T2,T+2,NQ_xgb,16.866636276245117,55.28102338193128,31.620451355582425,0.3051071641658142,0.5334090929498196,1
16176,Padshaata,DD2_T2,T+3,OS_xgb,16.20345687866211,73.79384119697875,44.57156481042391,0.21957736060127342,0.3635379854304021,1
16176,Padshaata,DD2_T2,T+3,OS_ens,8.618023367308325,73.79384119697875,44.57156481042391,0.11678513040545127,0.1933524973593217,1
16176,Padshaata,DD2_T2,T+3,AR_xgb,24.27088809392565,73.79384119697875,44.57156481042391,0.3289012700821345,0.5445374914961352,1
16176,Padshaata,DD2_T2,T+3,AR_ens,13.576989813638686,73.79384119697875,44.57156481042391,0.1839854057386371,0.3046110198595372,1
16176,Padshaata,DD2_T2,T+3,NQ_xgb,26.932024002075195,73.79384119697875,44.57156481042391,0.3649630316734053,0.6042422812980672,1
16176,Padshaata,DD4_T0,T+1,OS_xgb,5.451899528503418,29.86680525597316,16.974312189458864,0.18254043181980686,0.321185298564797,1
16176,Padshaata,DD4_T0,T+1,OS_ens,2.9004976178253816,29.86680525597316,16.974312189458864,0.09711442495997465,0.17087570827326987,1
16176,Padshaata,DD4_T0,T+1,AR_xgb,14.965952156341134,29.86680525597316,16.974312189458864,0.5010898229012306,0.8816823909739958,1
16176,Padshaata,DD4_T0,T+1,AR_ens,11.27564639968568,29.86680525597316,16.974312189458864,0.3775310517160394,0.664277071956289,1
16176,Padshaata,DD4_T0,T+1,NQ_xgb,11.77346134185791,29.86680525597316,16.974312189458864,0.3941988853830725,0.6936046191709194,1
16176,Padshaata,DD4_T0,T+2,OS_xgb,11.45782470703125,55.28102338193128,31.620451355582425,0.20726506142750362,0.36235487527310173,1
16176,Padshaata,DD4_T0,T+2,OS_ens,6.089963660958753,55.28102338193128,31.620451355582425,0.11016372867925724,0.1925957220684518,1
16176,Padshaata,DD4_T0,T+2,AR_xgb,22.8622604628381,55.28102338193128,31.620451355582425,0.413564349286462,0.7230213195170565,1
16176,Padshaata,DD4_T0,T+2,AR_ens,18.763975273223522,55.28102338193128,31.620451355582425,0.33942886953421647,0.5934126322934615,1
16176,Padshaata,DD4_T0,T+2,NQ_xgb,18.68300437927246,55.28102338193128,31.620451355582425,0.3379641554425174,0.5908519195117079,1
16176,Padshaata,DD4_T0,T+3,OS_xgb,12.952016830444336,73.79384119697875,44.57156481042391,0.17551623035683112,0.29058923296799444,1
16176,Padshaata,DD4_T0,T+3,OS_ens,6.890399195160358,73.79384119697875,44.57156481042391,0.09337363502690876,0.1545918171028383,1
16176,Padshaata,DD4_T0,T+3,AR_xgb,32.366316961827394,73.79384119697875,44.57156481042391,0.4386045832121899,0.7261651481048723,1
16176,Padshaata,DD4_T0,T+3,AR_ens,22.056559180480996,73.79384119697875,44.57156481042391,0.2988943091010152,0.49485718695975983,1
16176,Padshaata,DD4_T0,T+3,NQ_xgb,26.97629165649414,73.79384119697875,44.57156481042391,0.36556291445089595,0.605235462816536,1
16176,Padshaata,DD4_T1,T+1,OS_xgb,5.595302581787109,29.86680525597316,16.974312189458864,0.18734185105613485,0.329633537979926,1
16176,Padshaata,DD4_T1,T+1,OS_ens,2.9757848730686987,29.86680525597316,16.974312189458864,0.09963519189832203,0.17531107239306443,1
16176,Padshaata,DD4_T1,T+1,AR_xgb,19.195460561831034,29.86680525597316,16.974312189458864,0.6427021704302328,1.1308535125064751,1
16176,Padshaata,DD4_T1,T+1,AR_ens,11.267706779161792,29.86680525597316,16.974312189458864,0.3772652174409691,0.6638093286724805,1
16176,Padshaata,DD4_T1,T+1,NQ_xgb,12.024545669555664,29.86680525597316,16.974312189458864,0.4026056877024313,0.7083966369502129,1
16176,Padshaata,DD4_T1,T+2,OS_xgb,11.064064025878906,55.28102338193128,31.620451355582425,0.2001421708393195,0.3499021535606766,1
16176,Padshaata,DD4_T1,T+2,OS_ens,5.881791033787598,55.28102338193128,31.620451355582425,0.10639801280723168,0.18601224149664766,1
16176,Padshaata,DD4_T1,T+2,AR_xgb,27.382605092493115,55.28102338193128,31.620451355582425,0.49533462691725744,0.865977679589917,1
16176,Padshaata,DD4_T1,T+2,AR_ens,17.42003720088666,55.28102338193128,31.620451355582425,0.31511784940255716,0.5509104536488928,1
16176,Padshaata,DD4_T1,T+2,NQ_xgb,17.803478240966797,55.28102338193128,31.620451355582425,0.3220540639771496,0.5630368156596122,1
16176,Padshaata,DD4_T1,T+3,OS_xgb,13.158966064453125,73.79384119697875,44.57156481042391,0.17832065455608614,0.2952323105644173,1
16176,Padshaata,DD4_T1,T+3,OS_ens,7.000533141768173,73.79384119697875,44.57156481042391,0.0948660894759709,0.15706276348033815,1
16176,Padshaata,DD4_T1,T+3,AR_xgb,34.636667196190906,73.79384119697875,44.57156481042391,0.46937070403659914,0.7771023374097573,1
16176,Padshaata,DD4_T1,T+3,AR_ens,25.248544375050674,73.79384119697875,44.57156481042391,0.34214975078549503,0.566472020500968,1
16176,Padshaata,DD4_T1,T+3,NQ_xgb,27.292133331298828,73.79384119697875,44.57156481042391,0.36984296912323106,0.6123216325785368,1
16176,Padshaata,DD4_T2,T+1,OS_xgb,5.769002437591553,29.86680525597316,16.974312189458864,0.19315766745550367,0.33986663926059596,1
16176,Padshaata,DD4_T2,T+1,OS_ens,3.0692024586303046,29.86680525597316,16.974312189458864,0.10276299832960825,0.1808145404876137,1
16176,Padshaata,DD4_T2,T+1,AR_xgb,18.924463348541266,29.86680525597316,16.974312189458864,0.6336286451245569,1.1148883758773718,1
16176,Padshaata,DD4_T2,T+1,AR_ens,9.836326511394189,29.86680525597316,16.974312189458864,0.3293397612195898,0.5794830683921672,1
16176,Padshaata,DD4_T2,T+1,NQ_xgb,11.567741394042969,29.86680525597316,16.974312189458864,0.38731097266352243,0.6814851326480608,1
16176,Padshaata,DD4_T2,T+2,OS_xgb,11.131220817565918,55.28102338193128,31.620451355582425,0.20135699624555398,0.35202599394903195,1
16176,Padshaata,DD4_T2,T+2,OS_ens,5.916527859788223,55.28102338193128,31.620451355582425,0.10702638080542577,0.18711079716272586,1
16176,Padshaata,DD4_T2,T+2,AR_xgb,25.789547267847336,55.28102338193128,31.620451355582425,0.4665171823913214,0.8155970633636869,1
16176,Padshaata,DD4_T2,T+2,AR_ens,17.70000816502707,55.28102338193128,31.620451355582425,0.3201823534043394,0.559764563952128,1
16176,Padshaata,DD4_T2,T+2,NQ_xgb,17.754627227783203,55.28102338193128,31.620451355582425,0.3211703789403136,0.5614918973839605,1
16176,Padshaata,DD4_T2,T+3,OS_xgb,13.39433765411377,73.79384119697875,44.57156481042391,0.18151023766821014,0.3005130672679737,1
16176,Padshaata,DD4_T2,T+3,OS_ens,7.122491524848251,73.79384119697875,44.57156481042391,0.09651878001358004,0.15979900089086665,1
16176,Padshaata,DD4_T2,T+3,AR_xgb,33.18764405503243,73.79384119697875,44.57156481042391,0.44973460544551774,0.744592302204092,1
16176,Padshaata,DD4_T2,T+3,AR_ens,22.904944272242368,73.79384119697875,44.57156481042391,0.3103910014807596,0.5138914096838173,1
16176,Padshaata,DD4_T2,T+3,NQ_xgb,26.692163467407227,73.79384119697875,44.57156481042391,0.36171261767167706,0.5988608113925755,1
16176,Padshaata,DD6_T0,T+1,OS_xgb,4.2326507568359375,29.86680525597316,16.974312189458864,0.141717559697465,0.24935624546038665,1
16176,Padshaata,DD6_T0,T+1,OS_ens,2.249010949883856,29.86680525597316,16.974312189458864,0.07530135649289336,0.13249496797169216,1
16176,Padshaata,DD6_T0,T+1,AR_xgb,14.232676184288916,29.86680525597316,16.974312189458864,0.4765382859769535,0.8384832342795888,1
16176,Padshaata,DD6_T0,T+1,AR_ens,10.388042871044146,29.86680525597316,16.974312189458864,0.34781232147240143,0.6119860855095604,1
16176,Padshaata,DD6_T0,T+1,NQ_xgb,11.946606636047363,29.86680525597316,16.974312189458864,0.39999613395738476,0.7038050498132271,1
16176,Padshaata,DD6_T0,T+2,OS_xgb,8.21017074584961,55.28102338193128,31.620451355582425,0.1485169818425091,0.25964748742905425,1
16176,Padshaata,DD6_T0,T+2,OS_ens,4.365486604845692,55.28102338193128,31.620451355582425,0.0789689904017327,0.13805895923983985,1
16176,Padshaata,DD6_T0,T+2,AR_xgb,24.908957431834843,55.28102338193128,31.620451355582425,0.4505878492831301,0.7877483199630956,1
16176,Padshaata,DD6_T0,T+2,AR_ens,16.365554051667896,55.28102338193128,31.620451355582425,0.2960428923068203,0.5175623164777704,1
16176,Padshaata,DD6_T0,T+2,NQ_xgb,17.868824005126953,55.28102338193128,31.620451355582425,0.32323612899987336,0.565103382117672,1
16176,Padshaata,DD6_T0,T+3,OS_xgb,10.852373123168945,73.79384119697875,44.57156481042391,0.1470633991555011,0.2434819860897258,1
16176,Padshaata,DD6_T0,T+3,OS_ens,5.772338719719294,73.79384119697875,44.57156481042391,0.07822249968410133,0.12950720362344836,1
16176,Padshaata,DD6_T0,T+3,AR_xgb,35.86520728174428,73.79384119697875,44.57156481042391,0.4860189780066994,0.8046656525138763,1
16176,Padshaata,DD6_T0,T+3,AR_ens,21.307546365072085,73.79384119697875,44.57156481042391,0.2887442369099016,0.47805246362113163,1
16176,Padshaata,DD6_T0,T+3,NQ_xgb,25.151897430419922,73.79384119697875,44.57156481042391,0.3408400622930262,0.564303666191627,1
16176,Padshaata,DD6_T1,T+1,OS_xgb,4.256284236907959,29.86680525597316,16.974312189458864,0.1425088555816237,0.2507485540151155,1
16176,Padshaata,DD6_T1,T+1,OS_ens,2.2578710875446384,29.86680525597316,16.974312189458864,0.07559801151122715,0.13301694126650906,1
16176,Padshaata,DD6_T1,T+1,AR_xgb,13.571707195776085,29.86680525597316,16.974312189458864,0.4544077305711107,0.7995438663019399,1
16176,Padshaata,DD6_T1,T+1,AR_ens,10.566060572189716,29.86680525597316,16.974312189458864,0.35377270791547333,0.6224735620658194,1
16176,Padshaata,DD6_T1,T+1,NQ_xgb,11.523259162902832,29.86680525597316,16.974312189458864,0.3858216191568818,0.6788645710227267,1
16176,Padshaata,DD6_T1,T+2,OS_xgb,8.062702178955078,55.28102338193128,31.620451355582425,0.1458493654006845,0.2549837789564522,1
16176,Padshaata,DD6_T1,T+2,OS_ens,4.284994495667549,55.28102338193128,31.620451355582425,0.07751293723459014,0.1355133880753747,1
16176,Padshaata,DD6_T1,T+2,AR_xgb,24.82150401311587,55.28102338193128,31.620451355582425,0.44900587027172933,0.7849825966742174,1
16176,Padshaata,DD6_T1,T+2,AR_ens,15.415876295392906,55.28102338193128,31.620451355582425,0.27886380085415746,0.4875286605506127,1
16176,Padshaata,DD6_T1,T+2,NQ_xgb,17.63528060913086,55.28102338193128,31.620451355582425,0.3190114713920978,0.5577175483934844,1
16176,Padshaata,DD6_T1,T+3,OS_xgb,10.152501106262207,73.79384119697875,44.57156481042391,0.1375792470155066,0.22777977729621582,1
16176,Padshaata,DD6_T1,T+3,OS_ens,5.40104429336462,73.79384119697875,44.57156481042391,0.07319099000345504,0.12117690541799159,1
16176,Padshaata,DD6_T1,T+3,AR_xgb,33.5075037523157,73.79384119697875,44.57156481042391,0.45406910941082107,0.7517686196307681,1
16176,Padshaata,DD6_T1,T+3,AR_ens,20.767874377634023,73.79384119697875,44.57156481042391,0.28143099804491944,0.46594447527175575,1
16176,Padshaata,DD6_T1,T+3,NQ_xgb,25.518285751342773,73.79384119697875,44.57156481042391,0.3458050880320286,0.5725238918552583,1
16176,Padshaata,DD6_T2,T+1,OS_xgb,4.0410637855529785,29.86680525597316,16.974312189458864,0.13530284712138047,0.2380693686111476,1
16176,Padshaata,DD6_T2,T+1,OS_ens,2.1441407274949253,29.86680525597316,16.974312189458864,0.07179009301860673,0.1263167958479312,1
16176,Padshaata,DD6_T2,T+1,AR_xgb,12.797558718693358,29.86680525597316,16.974312189458864,0.42848770094464433,0.7539368061488058,1
16176,Padshaata,DD6_T2,T+1,AR_ens,9.229985006081021,29.86680525597316,16.974312189458864,0.30903824252294565,0.5437619446997617,1
16176,Padshaata,DD6_T2,T+1,NQ_xgb,12.535541534423828,29.86680525597316,16.974312189458864,0.41971484485829985,0.7385007059201176,1
16176,Padshaata,DD6_T2,T+2,OS_xgb,8.062100410461426,55.28102338193128,31.620451355582425,0.14583847977562117,0.25496474796644875,1
16176,Padshaata,DD6_T2,T+2,OS_ens,4.280455479158951,55.28102338193128,31.620451355582425,0.07743082919405625,0.13536984121522536,1
16176,Padshaata,DD6_T2,T+2,AR_xgb,25.247507350376175,55.28102338193128,31.620451355582425,0.4567120108458118,0.7984549956754131,1
16176,Padshaata,DD6_T2,T+2,AR_ens,14.265303080179347,55.28102338193128,31.620451355582425,0.2580506330648356,0.4511416652394142,1
16176,Padshaata,DD6_T2,T+2,NQ_xgb,17.899822235107422,55.28102338193128,31.620451355582425,0.32379686807603525,0.5660837043032058,1
16176,Padshaata,DD6_T2,T+3,OS_xgb,10.173678398132324,73.79384119697875,44.57156481042391,0.13786622613905689,0.22825490739228022,1
16176,Padshaata,DD6_T2,T+3,OS_ens,5.409375588245302,73.79384119697875,44.57156481042391,0.07330388959975662,0.12136382492409638,1
16176,Padshaata,DD6_T2,T+3,AR_xgb,33.09891661837564,73.79384119697875,44.57156481042391,0.44853223631528166,0.7426016286202909,1
16176,Padshaata,DD6_T2,T+3,AR_ens,19.944295940328438,73.79384119697875,44.57156481042391,0.2702704672479496,0.4474668104015968,1
16176,Padshaata,DD6_T2,T+3,NQ_xgb,25.974716186523438,73.79384119697875,44.57156481042391,0.3519902984476554,0.5827642869843501,1
16176,Padshaata,empirical,T+1,OS_xgb,2.3445606231689453,29.86680525597316,16.974312189458864,0.07850054945866863,0.13812404278889895,1
16176,Padshaata,empirical,T+1,OS_ens,1.247487536155778,29.86680525597316,16.974312189458864,0.04176836208172245,0.07349267070335104,1
16176,Padshaata,empirical,T+1,AR_xgb,16.197187865940776,29.86680525597316,16.974312189458864,0.5423140415294819,0.9542176251476814,1
16176,Padshaata,empirical,T+1,AR_ens,7.361808122406299,29.86680525597316,16.974312189458864,0.24648796747131124,0.433702882345832,1
16176,Padshaata,empirical,T+1,NQ_xgb,4.305243492126465,29.86680525597316,16.974312189458864,0.14414810875245673,0.2536328685412092,1
16176,Padshaata,empirical,T+2,OS_xgb,9.813636779785156,55.28102338193128,31.620451355582425,0.17752270452707944,0.31035726433590616,1
16176,Padshaata,empirical,T+2,OS_ens,5.214518056057049,55.28102338193128,31.620451355582425,0.09432745157466504,0.1649096655015474,1
16176,Padshaata,empirical,T+2,AR_xgb,25.188487347806344,55.28102338193128,31.620451355582425,0.4556443749925088,0.7965884820729938,1
16176,Padshaata,empirical,T+2,AR_ens,15.836162668073229,55.28102338193128,31.620451355582425,0.2864665250254631,0.5008202599637287,1
16176,Padshaata,empirical,T+2,NQ_xgb,16.464710235595703,55.28102338193128,31.620451355582425,0.29783656720394996,0.5206981409102798,1
16176,Padshaata,empirical,T+3,OS_xgb,14.92348861694336,73.79384119697875,44.57156481042391,0.20223216971600544,0.3348208365673807,1
16176,Padshaata,empirical,T+3,OS_ens,7.9468500133425435,73.79384119697875,44.57156481042391,0.1076898814920059,0.17829416685599564,1
16176,Padshaata,empirical,T+3,AR_xgb,44.576697706413256,73.79384119697875,44.57156481042391,0.6040707054051322,1.0001151607759606,1
16176,Padshaata,empirical,T+3,AR_ens,26.023991907014064,73.79384119697875,44.57156481042391,0.352658046862582,0.5838698286161104,1
16176,Padshaata,empirical,T+3,NQ_xgb,30.939746856689453,73.79384119697875,44.57156481042391,0.4192727516934866,0.6941588653726962,1
16202,Chadak,DD2_T0,T+1,OS_xgb,2.4444937705993652,15.449932156114777,7.825479319157591,0.15822035630311057,0.3123762354869419,1
16202,Chadak,DD2_T0,T+1,OS_ens,1.4938649519812608,15.449932156114777,7.825479319157591,0.09669071274141607,0.1908975656384553,1
16202,Chadak,DD2_T0,T+1,AR_xgb,13.065672701062024,15.449932156114777,7.825479319157591,0.8456783220171546,1.6696322574229916,1
16202,Chadak,DD2_T0,T+1,AR_ens,16.113892489843742,15.449932156114777,7.825479319157591,1.0429749675933808,2.0591572519264414,1
16202,Chadak,DD2_T0,T+1,NQ_xgb,26.94095230102539,15.449932156114777,7.825479319157591,1.743758615170533,3.4427223179890243,1
16202,Chadak,DD2_T0,T+2,OS_xgb,0.42700767517089844,28.25662279203145,14.804057109995462,0.015111773204946393,0.02884396297570277,1
16202,Chadak,DD2_T0,T+2,OS_ens,0.3431111422667721,28.25662279203145,14.804057109995462,0.012142680489174794,0.023176831845312794,1
16202,Chadak,DD2_T0,T+2,AR_xgb,23.427495913545926,28.25662279203145,14.804057109995462,0.8290975211713068,1.582505102451142,1
16202,Chadak,DD2_T0,T+2,AR_ens,24.088628974875036,28.25662279203145,14.804057109995462,0.8524949762102563,1.627164012938776,1
16202,Chadak,DD2_T0,T+2,NQ_xgb,34.51014709472656,28.25662279203145,14.804057109995462,1.2213118088711807,2.331127665768451,1
16202,Chadak,DD2_T0,T+3,OS_xgb,0.244659423828125,34.98204284439983,19.253477332231405,0.00699385753188773,0.01270728500656613,1
16202,Chadak,DD2_T0,T+3,OS_ens,0.2532251202294944,34.98204284439983,19.253477332231405,0.0072387173429476395,0.01315217588282514,1
16202,Chadak,DD2_T0,T+3,AR_xgb,35.42789465408228,34.98204284439983,19.253477332231405,1.0127451621869425,1.8400777190920203,1
16202,Chadak,DD2_T0,T+3,AR_ens,30.06319634219584,34.98204284439983,19.253477332231405,0.8593893866037777,1.5614424253570214,1
16202,Chadak,DD2_T0,T+3,NQ_xgb,36.522483825683594,34.98204284439983,19.253477332231405,1.0440351922309297,1.8969292245480716,1
16202,Chadak,DD2_T1,T+1,OS_xgb,2.4729490280151367,15.449932156114777,7.825479319157591,0.16006212862471325,0.3160124673719473,1
16202,Chadak,DD2_T1,T+1,OS_ens,1.5186615878990062,15.449932156114777,7.825479319157591,0.09829568004270815,0.19406627069873714,1
16202,Chadak,DD2_T1,T+1,AR_xgb,16.278570218030953,15.449932156114777,7.825479319157591,1.0536337670316707,2.080201039977106,1
16202,Chadak,DD2_T1,T+1,AR_ens,17.819318142645614,15.449932156114777,7.825479319157591,1.1533589897087724,2.2770896728360217,1
16202,Chadak,DD2_T1,T+1,NQ_xgb,32.667762756347656,15.449932156114777,7.825479319157591,2.1144275862349597,4.174538251781404,1
16202,Chadak,DD2_T1,T+2,OS_xgb,-1.6315932273864746,28.25662279203145,14.804057109995462,-0.057741975727070766,-0.11021257316582823,0
16202,Chadak,DD2_T1,T+2,OS_ens,-0.8421306668948807,28.25662279203145,14.804057109995462,-0.02980294825368752,-0.05688512687013937,0
16202,Chadak,DD2_T1,T+2,AR_xgb,34.15936082676001,28.25662279203145,14.804057109995462,1.208897506194306,2.3074323864703383,1
16202,Chadak,DD2_T1,T+2,AR_ens,28.89926839804532,28.25662279203145,14.804057109995462,1.0227431852257693,1.9521181378402679,1
16202,Chadak,DD2_T1,T+2,NQ_xgb,39.150428771972656,28.25662279203145,14.804057109995462,1.385531068596539,2.644574286702725,1
16202,Chadak,DD2_T1,T+3,OS_xgb,-1.687479019165039,34.98204284439983,19.253477332231405,-0.0482384355502321,-0.08764541542530108,0
16202,Chadak,DD2_T1,T+3,OS_ens,-0.8589041377834672,34.98204284439983,19.253477332231405,-0.02455271527748891,-0.044610338328111426,0
16202,Chadak,DD2_T1,T+3,AR_xgb,45.086155014754354,34.98204284439983,19.253477332231405,1.2888371103796776,2.3417149139744016,1
16202,Chadak,DD2_T1,T+3,AR_ens,32.37140905048655,34.98204284439983,19.253477332231405,0.9253721743602744,1.6813279228420202,1
16202,Chadak,DD2_T1,T+3,NQ_xgb,40.533409118652344,34.98204284439983,19.253477332231405,1.1586918836885827,2.105251348586114,1
16202,Chadak,DD2_T2,T+1,OS_xgb,1.735764741897583,15.449932156114777,7.825479319157591,0.1123477258254886,0.221809383311288,1
16202,Chadak,DD2_T2,T+1,OS_ens,1.0914585247489894,15.449932156114777,7.825479319157591,0.07064487492373951,0.13947497402197268,1
16202,Chadak,DD2_T2,T+1,AR_xgb,24.250226055256494,15.449932156114777,7.825479319157591,1.5696008118494382,3.0988806009479073,1
16202,Chadak,DD2_T2,T+1,AR_ens,17.97938737886595,15.449932156114777,7.825479319157591,1.163719503567533,2.297544552299887,1
16202,Chadak,DD2_T2,T+1,NQ_xgb,33.458961486816406,15.449932156114777,7.825479319157591,2.1656380849267363,4.275643717427682,1
16202,Chadak,DD2_T2,T+2,OS_xgb,-2.0279102325439453,28.25662279203145,14.804057109995462,-0.07176760816284913,-0.13698341052566818,0
16202,Chadak,DD2_T2,T+2,OS_ens,-1.0614033431591174,28.25662279203145,14.804057109995462,-0.037562993673059895,-0.07169678793271304,0
16202,Chadak,DD2_T2,T+2,AR_xgb,33.1992742194854,28.25662279203145,14.804057109995462,1.1749201050610978,2.242579447837295,1
16202,Chadak,DD2_T2,T+2,AR_ens,29.390114008710178,28.25662279203145,14.804057109995462,1.0401141787191348,1.9852742927387415,1
16202,Chadak,DD2_T2,T+2,NQ_xgb,37.81583786010742,28.25662279203145,14.804057109995462,1.3382999850488762,2.554423937920016,1
16202,Chadak,DD2_T2,T+3,OS_xgb,-2.5632858276367188,34.98204284439983,19.253477332231405,-0.07327433217774666,-0.1331336559835679,0
16202,Chadak,DD2_T2,T+3,OS_ens,-1.35573452063249,34.98204284439983,19.253477332231405,-0.03875515579987135,-0.07041504748666434,0
16202,Chadak,DD2_T2,T+3,AR_xgb,44.16402660485201,34.98204284439983,19.253477332231405,1.2624770600531725,2.2938207910588155,1
16202,Chadak,DD2_T2,T+3,AR_ens,37.882205545414365,34.98204284439983,19.253477332231405,1.0829043264830034,1.9675513618517846,1
16202,Chadak,DD2_T2,T+3,NQ_xgb,41.17348861694336,34.98204284439983,19.253477332231405,1.1769892570334755,2.138496226238396,1
16202,Chadak,DD4_T0,T+1,OS_xgb,1.685941219329834,15.449932156114777,7.825479319157591,0.1091228881974457,0.21544254997933146,1
16202,Chadak,DD4_T0,T+1,OS_ens,1.021556531189427,15.449932156114777,7.825479319157591,0.06612045417850687,0.13054235907167372,1
16202,Chadak,DD4_T0,T+1,AR_xgb,10.078499663505703,15.449932156114777,7.825479319157591,0.6523329398256829,1.287908286823081,1
16202,Chadak,DD4_T0,T+1,AR_ens,8.664033416016515,15.449932156114777,7.825479319157591,0.5607813243754254,1.107156898978195,1
16202,Chadak,DD4_T0,T+1,NQ_xgb,21.73947525024414,15.449932156114777,7.825479319157591,1.40709195552293,2.7780375314549275,1
16202,Chadak,DD4_T0,T+2,OS_xgb,1.3133409023284912,28.25662279203145,14.804057109995462,0.04647904712444482,0.08871493081729227,1
16202,Chadak,DD4_T0,T+2,OS_ens,0.8250474317332612,28.25662279203145,14.804057109995462,0.029198373698286758,0.055731170557036185,1
16202,Chadak,DD4_T0,T+2,AR_xgb,18.316433170406754,28.25662279203145,14.804057109995462,0.6482173508566673,1.237257667564643,1
16202,Chadak,DD4_T0,T+2,AR_ens,19.046503803096602,28.25662279203145,14.804057109995462,0.6740545019579566,1.286573245535287,1
16202,Chadak,DD4_T0,T+2,NQ_xgb,32.38663864135742,28.25662279203145,14.804057109995462,1.1461609860358353,2.187686686205127,1
16202,Chadak,DD4_T0,T+3,OS_xgb,-0.6479325294494629,34.98204284439983,19.253477332231405,-0.01852186083961613,-0.03365275364387229,0
16202,Chadak,DD4_T0,T+3,OS_ens,-0.2959281475874431,34.98204284439983,19.253477332231405,-0.008459430139735748,-0.015370114316547003,0
16202,Chadak,DD4_T0,T+3,AR_xgb,22.63816949950096,34.98204284439983,19.253477332231405,0.6471368639103088,1.1757964085585408,1
16202,Chadak,DD4_T0,T+3,AR_ens,18.861862268249396,34.98204284439983,19.253477332231405,0.5391869866533233,0.9796600345369081,1
16202,Chadak,DD4_T0,T+3,NQ_xgb,34.00775909423828,34.98204284439983,19.253477332231405,0.9721490321621535,1.766317767300527,1
16202,Chadak,DD4_T1,T+1,OS_xgb,1.7855644226074219,15.449932156114777,7.825479319157591,0.11557102028443089,0.2281731699470694,1
16202,Chadak,DD4_T1,T+1,OS_ens,1.08108102601846,15.449932156114777,7.825479319157591,0.06997318920850987,0.13814885733220977,1
16202,Chadak,DD4_T1,T+1,AR_xgb,8.795656390353413,15.449932156114777,7.825479319157591,0.5693006481502423,1.1239766960754376,1
16202,Chadak,DD4_T1,T+1,AR_ens,10.3188709094849,15.449932156114777,7.825479319157591,0.6678910175926498,1.3186247753825413,1
16202,Chadak,DD4_T1,T+1,NQ_xgb,25.789392471313477,15.449932156114777,7.825479319157591,1.6692236710636006,3.2955671364664334,1
16202,Chadak,DD4_T1,T+2,OS_xgb,0.677544116973877,28.25662279203145,14.804057109995462,0.02397824120598548,0.04576746171266862,1
16202,Chadak,DD4_T1,T+2,OS_ens,0.4570177976194967,28.25662279203145,14.804057109995462,0.016173829441088715,0.03087111824980232,1
16202,Chadak,DD4_T1,T+2,AR_xgb,19.98315367817539,28.25662279203145,14.804057109995462,0.7072024786985786,1.3498430551637826,1
16202,Chadak,DD4_T1,T+2,AR_ens,18.06896013227277,28.25662279203145,14.804057109995462,0.6394592965075903,1.2205410988365413,1
16202,Chadak,DD4_T1,T+2,NQ_xgb,33.97087860107422,28.25662279203145,14.804057109995462,1.2022271327716567,2.294700591106044,1
16202,Chadak,DD4_T1,T+3,OS_xgb,-1.6372442245483398,34.98204284439983,19.253477332231405,-0.046802418939076953,-0.08503628701956611,0
16202,Chadak,DD4_T1,T+3,OS_ens,-0.8688508713376564,34.98204284439983,19.253477332231405,-0.024837053547796112,-0.04512695843691317,0
16202,Chadak,DD4_T1,T+3,AR_xgb,23.398261720865634,34.98204284439983,19.253477332231405,0.6688649323580425,1.2152745873959934,1
16202,Chadak,DD4_T1,T+3,AR_ens,23.079835490251966,34.98204284439983,19.253477332231405,0.6597623698796296,1.1987359525759549,1
16202,Chadak,DD4_T1,T+3,NQ_xgb,33.93333435058594,34.98204284439983,19.253477332231405,0.9700215193698508,1.762452245121437,1
16202,Chadak,DD4_T2,T+1,OS_xgb,0.7677018642425537,15.449932156114777,7.825479319157591,0.04968965924803188,0.09810285516481264,1
16202,Chadak,DD4_T2,T+1,OS_ens,0.4905903224551311,15.449932156114777,7.825479319157591,0.03175355836504209,0.06269140872356722,1
16202,Chadak,DD4_T2,T+1,AR_xgb,12.758498752264945,15.449932156114777,7.825479319157591,0.8257964257283411,1.6303792051473203,1
16202,Chadak,DD4_T2,T+1,AR_ens,10.494164537249095,15.449932156114777,7.825479319157591,0.6792369332894262,1.3410251448187056,1
16202,Chadak,DD4_T2,T+1,NQ_xgb,25.43877410888672,15.449932156114777,7.825479319157591,1.646529826269726,3.2507624225151224,1
16202,Chadak,DD4_T2,T+2,OS_xgb,0.3640470504760742,28.25662279203145,14.804057109995462,0.012883600887319692,0.024591032564328295,1
16202,Chadak,DD4_T2,T+2,OS_ens,0.28539945502650266,28.25662279203145,14.804057109995462,0.010100267718723525,0.019278462174656535,1
16202,Chadak,DD4_T2,T+2,AR_xgb,20.068437810783344,28.25662279203145,14.804057109995462,0.7102206784755174,1.3556039173365155,1
16202,Chadak,DD4_T2,T+2,AR_ens,22.531480177947504,28.25662279203145,14.804057109995462,0.7973875839225035,1.5219800903587848,1
16202,Chadak,DD4_T2,T+2,NQ_xgb,32.149845123291016,28.25662279203145,14.804057109995462,1.1377808791911777,2.1716915089164277,1
16202,Chadak,DD4_T2,T+3,OS_xgb,-1.4182391166687012,34.98204284439983,19.253477332231405,-0.04054191812002034,-0.07366145305578069,0
16202,Chadak,DD4_T2,T+3,OS_ens,-0.7324963851872202,34.98204284439983,19.253477332231405,-0.02093921125319539,-0.03804488781675713,0
16202,Chadak,DD4_T2,T+3,AR_xgb,24.025116488607058,34.98204284439983,19.253477332231405,0.6867842622991118,1.2478325901362066,1
16202,Chadak,DD4_T2,T+3,AR_ens,26.787185570977257,34.98204284439983,19.253477332231405,0.7657410314808284,1.3912907839320017,1
16202,Chadak,DD4_T2,T+3,NQ_xgb,32.74611282348633,34.98204284439983,19.253477332231405,0.9360834920116323,1.700789538348353,1
16202,Chadak,DD6_T0,T+1,OS_xgb,1.5397071838378906,15.449932156114777,7.825479319157591,0.09965786051872759,0.1967556389892344,1
16202,Chadak,DD6_T0,T+1,OS_ens,0.936790778347385,15.449932156114777,7.825479319157591,0.06063397359169773,0.11971033851613706,1
16202,Chadak,DD6_T0,T+1,AR_xgb,10.819607808470622,15.449932156114777,7.825479319157591,0.7003013151865807,1.3826127917791682,1
16202,Chadak,DD6_T0,T+1,AR_ens,9.59524927051676,15.449932156114777,7.825479319157591,0.621054459887654,1.2261548308007904,1
16202,Chadak,DD6_T0,T+1,NQ_xgb,19.424373626708984,15.449932156114777,7.825479319157591,1.2572465322458521,2.4821960207799783,1
16202,Chadak,DD6_T0,T+2,OS_xgb,-0.19440627098083496,28.25662279203145,14.804057109995462,-0.006880024991367998,-0.013131958998562291,0
16202,Chadak,DD6_T0,T+2,OS_ens,-0.05008815831674118,28.25662279203145,14.804057109995462,-0.001772616589228999,-0.00338340753109649,0
16202,Chadak,DD6_T0,T+2,AR_xgb,17.855700684367946,28.25662279203145,14.804057109995462,0.6319120588396491,1.2061356256395461,1
16202,Chadak,DD6_T0,T+2,AR_ens,17.724123902294487,28.25662279203145,14.804057109995462,0.6272555652791176,1.1972477389544414,1
16202,Chadak,DD6_T0,T+2,NQ_xgb,31.084178924560547,28.25662279203145,14.804057109995462,1.1000670233431606,2.0997067691378337,1
16202,Chadak,DD6_T0,T+3,OS_xgb,1.3567626476287842,34.98204284439983,19.253477332231405,0.038784545935858186,0.07046844703514867,1
16202,Chadak,DD6_T0,T+3,OS_ens,0.8661857240054638,34.98204284439983,19.253477332231405,0.024760867392972417,0.044988534229887925,1
16202,Chadak,DD6_T0,T+3,AR_xgb,23.274010620018416,34.98204284439983,19.253477332231405,0.6653130785855259,1.2088211505075195,1
16202,Chadak,DD6_T0,T+3,AR_ens,20.089522130269764,34.98204284439983,19.253477332231405,0.5742809880951774,1.0434230546312158,1
16202,Chadak,DD6_T0,T+3,NQ_xgb,38.68378448486328,34.98204284439983,19.253477332231405,1.1058183381950792,2.0091843056373224,1
16202,Chadak,DD6_T1,T+1,OS_xgb,1.960211992263794,15.449932156114777,7.825479319157591,0.1268751197388256,0.2504909811038655,1
16202,Chadak,DD6_T1,T+1,OS_ens,1.1822934827256604,15.449932156114777,7.825479319157591,0.07652418604684501,0.15108256433970535,1
16202,Chadak,DD6_T1,T+1,AR_xgb,10.260539678038693,15.449932156114777,7.825479319157591,0.664115516777708,1.311170761504643,1
16202,Chadak,DD6_T1,T+1,AR_ens,10.266396037196179,15.449932156114777,7.825479319157591,0.6644945708148591,1.3119191321690633,1
16202,Chadak,DD6_T1,T+1,NQ_xgb,24.992429733276367,15.449932156114777,7.825479319157591,1.6176400958100556,3.1937251015528583,1
16202,Chadak,DD6_T1,T+2,OS_xgb,-0.10511255264282227,28.25662279203145,14.804057109995462,-0.003719926242299015,-0.007100253117225004,0
16202,Chadak,DD6_T1,T+2,OS_ens,0.0031951268793517507,28.25662279203145,14.804057109995462,0.00011307532760966739,0.00021582778664062653,1
16202,Chadak,DD6_T1,T+2,AR_xgb,21.234799868410438,28.25662279203145,14.804057109995462,0.751498154068107,1.434390566763826,1
16202,Chadak,DD6_T1,T+2,AR_ens,15.857822167306825,28.25662279203145,14.804057109995462,0.5612072710889864,1.071180828976935,1
16202,Chadak,DD6_T1,T+2,NQ_xgb,33.8416862487793,28.25662279203145,14.804057109995462,1.197655024022293,2.2859737703882494,1
16202,Chadak,DD6_T1,T+3,OS_xgb,0.5103883743286133,34.98204284439983,19.253477332231405,0.014590010554810118,0.02650889319999325,1
16202,Chadak,DD6_T1,T+3,OS_ens,0.3759596325618286,34.98204284439983,19.253477332231405,0.010747217772103749,0.01952684318133281,1
16202,Chadak,DD6_T1,T+3,AR_xgb,24.042664326330577,34.98204284439983,19.253477332231405,0.6872858864552988,1.248744001483919,1
16202,Chadak,DD6_T1,T+3,AR_ens,23.011899325116623,34.98204284439983,19.253477332231405,0.6578203402092205,1.1952074385333713,1
16202,Chadak,DD6_T1,T+3,NQ_xgb,40.12848663330078,34.98204284439983,19.253477332231405,1.147116731055197,2.0842202133597674,1
16202,Chadak,DD6_T2,T+1,OS_xgb,0.7719933986663818,15.449932156114777,7.825479319157591,0.0499674296861454,0.0986512604763342,1
16202,Chadak,DD6_T2,T+1,OS_ens,0.49380789225288435,15.449932156114777,7.825479319157591,0.03196181622438031,0.06310257456613438,1
16202,Chadak,DD6_T2,T+1,AR_xgb,11.507345450915263,15.449932156114777,7.825479319157591,0.7448152739208557,1.4704972029948478,1
16202,Chadak,DD6_T2,T+1,AR_ens,10.09546837261578,15.449932156114777,7.825479319157591,0.6534312429728175,1.2900766791244365,1
16202,Chadak,DD6_T2,T+1,NQ_xgb,25.08861541748047,15.449932156114777,7.825479319157591,1.623865733776112,3.2060164488660674,1
16202,Chadak,DD6_T2,T+2,OS_xgb,-0.4453306198120117,28.25662279203145,14.804057109995462,-0.015760220996317995,-0.030081660486930412,0
16202,Chadak,DD6_T2,T+2,OS_ens,-0.18529958041845207,28.25662279203145,14.804057109995462,-0.0065577398184579845,-0.012516810698692912,0
16202,Chadak,DD6_T2,T+2,AR_xgb,22.363913605250964,28.25662279203145,14.804057109995462,0.7914574140671097,1.5106611274926256,1
16202,Chadak,DD6_T2,T+2,AR_ens,20.905630868455773,28.25662279203145,14.804057109995462,0.7398488850674433,1.4121555133923813,1
16202,Chadak,DD6_T2,T+2,NQ_xgb,32.5521354675293,28.25662279203145,14.804057109995462,1.1520179076994725,2.1988658396589553,1
16202,Chadak,DD6_T2,T+3,OS_xgb,0.15784502029418945,34.98204284439983,19.253477332231405,0.004512172745207714,0.008198260375020569,1
16202,Chadak,DD6_T2,T+3,OS_ens,0.1817048307531044,34.98204284439983,19.253477332231405,0.005194231553638183,0.009437507189878904,1
16202,Chadak,DD6_T2,T+3,AR_xgb,32.476462847226095,34.98204284439983,19.253477332231405,0.9283752521738494,1.6867842772930512,1
16202,Chadak,DD6_T2,T+3,AR_ens,23.089768566043077,34.98204284439983,19.253477332231405,0.6600463177278239,1.199251863318711,1
16202,Chadak,DD6_T2,T+3,NQ_xgb,40.18666076660156,34.98204284439983,19.253477332231405,1.1487797023562025,2.08724170045516,1
16202,Chadak,empirical,T+1,OS_xgb,2.6144325733184814,15.449932156114777,7.825479319157591,0.1692196798601307,0.3340923241491518,1
16202,Chadak,empirical,T+1,OS_ens,1.5625136986899046,15.449932156114777,7.825479319157591,0.10113401682941972,0.19967003105671852,1
16202,Chadak,empirical,T+1,AR_xgb,8.5590974435371,15.449932156114777,7.825479319157591,0.5539893222216887,1.0937473724559639,1
16202,Chadak,empirical,T+1,AR_ens,5.325502607756083,15.449932156114777,7.825479319157591,0.34469423903899504,0.6805337271441887,1
16202,Chadak,empirical,T+1,NQ_xgb,24.9857177734375,15.449932156114777,7.825479319157591,1.6172056628448461,3.1928673956456386,1
16202,Chadak,empirical,T+2,OS_xgb,1.772451400756836,28.25662279203145,14.804057109995462,0.06272693710787966,0.11972740901952514,1
16202,Chadak,empirical,T+2,OS_ens,1.1000488845778533,28.25662279203145,14.804057109995462,0.038930656811827995,0.07430725755814047,1
16202,Chadak,empirical,T+2,AR_xgb,17.985881273903495,28.25662279203145,14.804057109995462,0.636519141239187,1.214929200844525,1
16202,Chadak,empirical,T+2,AR_ens,15.342340131036892,28.25662279203145,14.804057109995462,0.5429643961331264,1.0363605069233346,1
16202,Chadak,empirical,T+2,NQ_xgb,38.442771911621094,28.25662279203145,14.804057109995462,1.3604871394065607,2.596772737769645,1
16202,Chadak,empirical,T+3,OS_xgb,3.200077772140503,34.98204284439983,19.253477332231405,0.09147772719776409,0.1662077824655286,1
16202,Chadak,empirical,T+3,OS_ens,1.9525511511830906,34.98204284439983,19.253477332231405,0.05581581269761862,0.10141290934050703,1
16202,Chadak,empirical,T+3,AR_xgb,25.909349139183092,34.98204284439983,19.253477332231405,0.7406471158482056,1.345697127438345,1
16202,Chadak,empirical,T+3,AR_ens,17.698677360410464,34.98204284439983,19.253477332231405,0.5059360723767392,0.9192457577926394,1
16202,Chadak,empirical,T+3,NQ_xgb,48.03239059448242,34.98204284439983,19.253477332231405,1.3730584805504515,2.4947384706488056,1
